Player,First,Last,Nickname,Ht,Wt,Reach,Stance,DOB,W,L,D,Belt,SLpM,Str_Acc,SApM,Str_Def,TD_Avg,TD_Acc,TD_Def,Sub_Avg,URL
Tom Aaron,Tom,Aaron,,--,155 lbs.,--,,"Jul 13, 1978",5,3,0,,0.00,0%,0.00,0%,0.00,0%,0%,0.0,http://www.ufcstats.com/fighter-details/93fe7332d16c6ad9
Danny Abbadi,Danny,Abbadi,The Assassin,"5' 11""",155 lbs.,--,Orthodox,"Jul 03, 1983",4,6,0,,3.29,38%,4.41,57%,0.00,0%,77%,0.0,http://www.ufcstats.com/fighter-details/15df64c02b6b0fde
Nariman Abbasov,Nariman,Abbasov,Bayraktar,"5' 8""",155 lbs.,"66.0""",Orthodox,"Feb 01, 1994",28,4,0,,3.00,20%,5.67,46%,0.00,0%,66%,0.0,http://www.ufcstats.com/fighter-details/59a9d6dac61c2540
Darion Abbey,Darion,Abbey,,"6' 2""",265 lbs.,"80.0""",Orthodox,"Feb 25, 1993",9,5,0,,8.44,50%,14.06,28%,0.00,0%,0%,0.0,http://www.ufcstats.com/fighter-details/4961467134abd8be
David Abbott,David,Abbott,Tank,"6' 0""",265 lbs.,--,Switch,"Apr 26, 1965",10,15,0,,1.35,30%,3.55,38%,1.07,33%,66%,0.0,http://www.ufcstats.com/fighter-details/b361180739bed4b0
Hamdy Abdelwahab,Hamdy,Abdelwahab,The Hammer,"6' 2""",265 lbs.,"72.0""",Southpaw,"Jan 22, 1993",7,1,0,,4.27,55%,3.67,51%,3.25,65%,100%,0.0,http://www.ufcstats.com/fighter-details/3329d692aea4dc28
Farida Abdueva,Farida,Abdueva,,--,115 lbs.,--,,"May 15, 2004",6,1,0,,0.00,0%,0.00,0%,0.00,0%,0%,0.0,http://www.ufcstats.com/fighter-details/8f3837b4c06f3d1e
Mansur Abdul-Malik,Mansur,Abdul-Malik,,"6' 2""",185 lbs.,"80.0""",Orthodox,"Oct 07, 1997",9,0,1,,4.18,48%,3.46,51%,0.94,50%,83%,0.5,http://www.ufcstats.com/fighter-details/841695e02c99a521
Shamil Abdurakhimov,Shamil,Abdurakhimov,Abrek,"6' 3""",235 lbs.,"76.0""",Orthodox,"Sep 02, 1981",20,8,0,,2.41,44%,3.02,55%,1.01,23%,45%,0.1,http://www.ufcstats.com/fighter-details/2f5cbecbbe18bac4
Hiroyuki Abe,Hiroyuki,Abe,Abe Ani,"5' 6""",145 lbs.,--,Orthodox,"Feb 09, 1970",8,15,3,,1.71,36%,3.11,63%,0.00,0%,33%,0.0,http://www.ufcstats.com/fighter-details/c0ed7b208197e8de
Daichi Abe,Daichi,Abe,,"5' 11""",170 lbs.,"71.0""",Orthodox,"Nov 27, 1991",6,2,0,,3.80,33%,4.49,56%,0.33,50%,0%,0.0,http://www.ufcstats.com/fighter-details/5140122c3eecd307
Papy Abedi,Papy,Abedi,Makambo,"5' 11""",185 lbs.,--,Southpaw,"Jun 30, 1978",10,4,0,,2.80,55%,3.15,48%,3.47,57%,50%,1.3,http://www.ufcstats.com/fighter-details/c9f6385af6df66d7
Ricardo Abreu,Ricardo,Abreu,Demente,"5' 11""",185 lbs.,--,Orthodox,"Apr 27, 1984",5,1,0,,3.79,31%,3.98,68%,2.13,42%,100%,0.7,http://www.ufcstats.com/fighter-details/aa6e591c2a2cdecd
Klidson Abreu,Klidson,Abreu,White Bear,"6' 0""",205 lbs.,"74.0""",Orthodox,"Dec 24, 1992",15,4,0,,2.05,40%,2.90,55%,0.64,20%,80%,0.0,http://www.ufcstats.com/fighter-details/7279654c7674cd24
Cyborg Abreu,Cyborg,Abreu,,--,--,--,,"Dec 20, 1980",0,0,0,,0.00,0%,0.00,0%,0.00,0%,0%,0.0,http://www.ufcstats.com/fighter-details/f689bd7bbd14b392
Daniel Acacio,Daniel,Acacio,,"5' 8""",180 lbs.,--,Orthodox,"Dec 27, 1977",30,18,0,,3.52,36%,2.85,62%,0.33,20%,81%,0.0,http://www.ufcstats.com/fighter-details/1c5879330d42255f
John Adajar,John,Adajar,The Outlaw,"5' 9""",170 lbs.,"75.0""",Orthodox,"Jun 22, 1991",6,2,0,,3.90,52%,6.28,44%,0.00,0%,0%,0.0,http://www.ufcstats.com/fighter-details/989b85f6540c86b1
Scott Adams,Scott,Adams,,"6' 0""",225 lbs.,--,Southpaw,--,8,1,0,,0.00,0%,0.00,0%,0.00,0%,0%,0.0,http://www.ufcstats.com/fighter-details/2620f3eb21c79614
Juan Adams,Juan,Adams,The Kraken,"6' 5""",265 lbs.,"80.0""",Orthodox,"Jan 16, 1992",5,3,0,,7.09,55%,4.06,34%,0.91,66%,57%,0.0,http://www.ufcstats.com/fighter-details/83b00f7597e5ac83
Anthony Adams,Anthony,Adams,Sugafoot,"6' 1""",185 lbs.,"76.0""",Orthodox,"Jan 13, 1988",8,2,0,,3.17,41%,5.93,44%,0.00,0%,0%,0.0,http://www.ufcstats.com/fighter-details/a77633a989013265
Zarrukh Adashev,Zarrukh,Adashev,The Lion,"5' 5""",125 lbs.,"65.0""",Southpaw,"Jul 29, 1992",4,4,0,,3.65,40%,3.04,64%,0.00,0%,100%,0.5,http://www.ufcstats.com/fighter-details/79cb2a690b9ba5e8
Israel Adesanya,Israel,Adesanya,The Last Stylebender,"6' 4""",185 lbs.,"80.0""",Switch,"Jul 22, 1989",24,5,0,,4.02,48%,3.20,55%,0.05,11%,76%,0.1,http://www.ufcstats.com/fighter-details/1338e2c7480bdf9e
Sam Adkins,Sam,Adkins,The Experience,"6' 3""",225 lbs.,--,Orthodox,"Apr 26, 1965",7,20,2,,0.00,0%,0.00,0%,0.00,0%,0%,0.0,http://www.ufcstats.com/fighter-details/0e9869d712e81f8f
Mohamed Ado,Mohamed,Ado,,"5' 11""",170 lbs.,"76.0""",Switch,"May 03, 2000",5,1,0,,1.66,83%,0.33,75%,4.97,50%,50%,5.0,http://www.ufcstats.com/fighter-details/7a846fcbf182a7c8
Nick Agallar,Nick,Agallar,,"5' 8""",155 lbs.,--,Orthodox,"Jan 13, 1979",24,6,0,,0.69,11%,4.56,42%,0.00,0%,0%,0.0,http://www.ufcstats.com/fighter-details/ebc5af72ad5a28cb
Niklas Backstrom,Niklas,Backstrom,,"6' 1""",145 lbs.,--,Orthodox,"Aug 22, 1989",11,3,0,,1.12,41%,3.65,40%,2.92,80%,72%,2.2,http://www.ufcstats.com/fighter-details/39cc64bf0a269db9
Seth Baczynski,Seth,Baczynski,The Polish Pistola,"6' 3""",170 lbs.,"75.0""",Orthodox,"Oct 26, 1981",20,14,0,,3.08,31%,3.14,51%,0.89,16%,48%,0.8,http://www.ufcstats.com/fighter-details/fd5b6598a3b70c0a
Abdul Azeem Badakhshi,Abdul Azeem,Badakhshi,The Afghan Lion,--,145 lbs.,--,,--,13,3,0,,0.00,0%,0.00,0%,0.00,0%,0%,0.0,http://www.ufcstats.com/fighter-details/968764372c49eab6
Ryan Bader,Ryan,Bader,Darth,"6' 2""",205 lbs.,"74.0""",Orthodox,"Jun 07, 1983",23,5,0,,2.82,43%,1.39,71%,3.37,44%,80%,0.4,http://www.ufcstats.com/fighter-details/c0ab242c40decc55
Izabela Badurek,Izabela,Badurek,,"5' 5""",115 lbs.,--,Orthodox,"Jul 11, 1991",6,3,0,,3.74,71%,4.90,32%,1.75,12%,100%,0.0,http://www.ufcstats.com/fighter-details/4fcf6e0c4e0e6664
Miguel Baeza,Miguel,Baeza,Caramel Thunder,"6' 2""",170 lbs.,"74.0""",Orthodox,"Aug 23, 1992",10,4,0,,4.09,49%,5.92,46%,0.36,22%,54%,2.0,http://www.ufcstats.com/fighter-details/82d4c957649faf9b
Ali Bagautinov,Ali,Bagautinov,Puncher,"5' 4""",125 lbs.,"65.0""",Orthodox,"Jun 10, 1985",15,6,0,,2.85,42%,3.09,52%,2.51,36%,65%,0.3,http://www.ufcstats.com/fighter-details/3dd92ff9fb0412b3
Mehdi Baghdad,Mehdi,Baghdad,The Sultan,"6' 1""",155 lbs.,--,Orthodox,"Apr 13, 1985",11,5,0,,3.13,30%,4.56,46%,0.00,0%,33%,0.0,http://www.ufcstats.com/fighter-details/e4d2564ea0e34e2b
Melsik Baghdasaryan,Melsik,Baghdasaryan,The Gun,"5' 9""",145 lbs.,"70.0""",Southpaw,"Jan 28, 1992",8,3,0,,5.04,59%,3.14,56%,0.00,0%,72%,0.0,http://www.ufcstats.com/fighter-details/a52bc1e62cf0b7c6
Siyar Bahadurzada,Siyar,Bahadurzada,The Great,"5' 11""",170 lbs.,"73.0""",Orthodox,"Apr 17, 1984",24,8,1,,2.91,40%,3.23,49%,1.32,61%,62%,0.3,http://www.ufcstats.com/fighter-details/aec185309b4843d0
Ignacio Bahamondes,Ignacio,Bahamondes,La Jaula,"6' 3""",155 lbs.,"75.0""",Orthodox,"Aug 27, 1997",17,6,0,,6.55,45%,4.33,56%,0.00,0%,75%,0.4,http://www.ufcstats.com/fighter-details/e4a47b07044ddd72
Bahatebole Batebolati,Bahatebole,Batebolati,Lion King,"5' 8""",170 lbs.,"71.0""",Southpaw,"Sep 12, 1997",10,1,1,,4.02,45%,4.83,61%,1.34,66%,100%,0.0,http://www.ufcstats.com/fighter-details/8f313e9c3a39c06e
Shamar Bailey,Shamar,Bailey,,"5' 9""",155 lbs.,"75.0""",Southpaw,"Sep 22, 1982",16,11,0,,1.56,20%,3.91,69%,1.50,33%,37%,0.0,http://www.ufcstats.com/fighter-details/e2b8186b618b00c4
Jordan Bailey,Jordan,Bailey,,"5' 9""",145 lbs.,--,,--,6,3,0,,1.74,40%,0.29,0%,4.35,100%,0%,4.3,http://www.ufcstats.com/fighter-details/34dbcd4dbaf21a36
Scott Baker,Scott,Baker,,"6' 0""",210 lbs.,--,,--,1,1,0,,0.00,0%,0.00,0%,0.00,0%,0%,0.0,http://www.ufcstats.com/fighter-details/7d5b12de1625984e
Bryan Baker,Bryan,Baker,The Beast,"6' 3""",185 lbs.,--,Orthodox,"Oct 13, 1985",18,5,0,,1.78,52%,2.83,45%,0.44,50%,37%,0.9,http://www.ufcstats.com/fighter-details/898337ef520fe4d3
Jin Bala,Jin,Bala,,"5' 9""",155 lbs.,--,,--,23,3,0,,0.00,0%,0.00,0%,0.00,0%,0%,0.0,http://www.ufcstats.com/fighter-details/371efa53bd0cf669
Balajin,,Balajin,The Snow Leopard,"5' 9""",145 lbs.,"72.0""",Orthodox,"Mar 31, 1992",23,4,0,,1.40,33%,2.73,50%,2.00,20%,66%,0.0,http://www.ufcstats.com/fighter-details/e626e92a8f2a9737
Eros Baluyot,Eros,Baluyot,,--,125 lbs.,--,,"Oct 23, 1992",7,0,0,,0.00,0%,0.00,0%,0.00,0%,0%,0.0,http://www.ufcstats.com/fighter-details/3497f4c29654862c
Oluwale Bamgbose,Oluwale,Bamgbose,Holy War Angel,"5' 11""",185 lbs.,"78.0""",Switch,"Aug 04, 1987",6,4,0,,2.45,48%,2.70,55%,0.94,33%,37%,0.0,http://www.ufcstats.com/fighter-details/04b39f4e8eb59d7c
Stephen Banaszak,Stephen,Banaszak,,"6' 0""",145 lbs.,--,,"Dec 07, 1990",5,5,0,,4.20,47%,1.15,66%,0.00,0%,100%,1.9,http://www.ufcstats.com/fighter-details/4c4b44e3cf5815b3
Marcin Bandel,Marcin,Bandel,Bomba,"5' 10""",155 lbs.,--,Orthodox,"Oct 10, 1989",15,7,0,,0.79,50%,5.26,23%,0.00,0%,0%,0.0,http://www.ufcstats.com/fighter-details/5c2ce761399dc9c5
Humberto Bandenay,Humberto,Bandenay,,"5' 11""",145 lbs.,"71.0""",Southpaw,"Sep 04, 1994",14,7,0,,2.22,41%,4.79,41%,2.90,46%,62%,0.5,http://www.ufcstats.com/fighter-details/2c2caf2f2bab9df5
Tae Hyun Bang,Tae Hyun,Bang,Supernatural,"5' 9""",155 lbs.,"71.0""",Switch,"Apr 15, 1983",18,10,0,,2.72,38%,2.07,66%,0.49,33%,57%,0.5,http://www.ufcstats.com/fighter-details/9a2d3567abc02e34
Yohan Banks,Yohan,Banks,,--,--,--,,--,2,1,0,,0.00,0%,0.00,0%,0.00,0%,0%,0.0,http://www.ufcstats.com/fighter-details/c50ea21fe9ef478d
Yan Cabral,Yan,Cabral,,"5' 11""",155 lbs.,"73.0""",Orthodox,"May 13, 1983",13,3,0,,2.02,47%,1.98,62%,2.89,35%,37%,1.2,http://www.ufcstats.com/fighter-details/7cdd3e5d3aa9cb39
Juan Cabrera,Juan,Cabrera,Papi Juancho,--,185 lbs.,--,,"Feb 19, 2004",9,1,0,,0.00,0%,0.00,0%,0.00,0%,0%,0.0,http://www.ufcstats.com/fighter-details/601f8439a0277670
Alvin Cacdac,Alvin,Cacdac,,"5' 6""",125 lbs.,--,Orthodox,--,18,13,0,,1.21,66%,0.61,0%,0.00,0%,0%,0.0,http://www.ufcstats.com/fighter-details/ce7871949b0ed2bf
Alex Caceres,Alex,Caceres,Bruce Leeroy,"5' 10""",145 lbs.,"73.0""",Southpaw,"Jun 20, 1988",21,15,0,,4.21,49%,3.09,62%,0.54,68%,64%,0.7,http://www.ufcstats.com/fighter-details/7aa3d6964eff4877
Vince Cachero,Vince,Cachero,The Anomaly,"5' 6""",145 lbs.,"68.0""",Orthodox,"Nov 07, 1989",7,4,0,,3.29,45%,6.51,43%,0.00,0%,18%,0.5,http://www.ufcstats.com/fighter-details/ed2a8cc402173781
Priscila Cachoeira,Priscila,Cachoeira,Zombie Girl,"5' 7""",135 lbs.,"65.0""",Orthodox,"Aug 19, 1988",13,8,0,,4.43,44%,7.60,45%,0.25,40%,69%,0.0,http://www.ufcstats.com/fighter-details/b1e5bcaad32a3cac
Yudi Cahyadi,Yudi,Cahyadi,Sanda,--,145 lbs.,--,,--,7,2,0,,0.00,0%,0.00,0%,0.00,0%,0%,0.0,http://www.ufcstats.com/fighter-details/8c457cf7da551d4b
Travis Calanoc,Travis,Calanoc,The Dark Knight,"5' 8""",145 lbs.,--,Orthodox,--,5,1,0,,0.00,0%,0.00,0%,0.00,0%,0%,0.0,http://www.ufcstats.com/fighter-details/90d28fee0af74f2d
Ricky Calatayud,Ricky,Calatayud,,"5' 9""",125 lbs.,--,,"Oct 10, 1982",16,2,0,,0.00,0%,0.00,0%,0.00,0%,0%,0.0,http://www.ufcstats.com/fighter-details/800feaa25700a85f
Lucas Caldas,Lucas,Caldas,,"5' 8""",155 lbs.,"70.0""",Orthodox,"May 22, 1996",6,2,0,,4.80,41%,15.67,39%,0.00,0%,0%,0.0,http://www.ufcstats.com/fighter-details/8661578c8bb80f51
Carlos Calderon,Carlos,Calderon,Chief,"5' 11""",145 lbs.,"71.0""",Southpaw,"Feb 10, 1996",6,3,0,,4.85,42%,4.98,33%,3.93,33%,0%,0.0,http://www.ufcstats.com/fighter-details/7d4d7583df7eebf9
Darrion Caldwell,Darrion,Caldwell,The Wolf,"5' 10""",135 lbs.,--,,"Dec 19, 1987",10,1,0,,0.85,34%,0.57,60%,3.41,66%,100%,0.8,http://www.ufcstats.com/fighter-details/b7dc25ee40ee8334
Nicolle Caliari,Nicolle,Caliari,,"5' 3""",125 lbs.,"62.0""",Orthodox,"Nov 04, 1996",8,4,0,,3.46,38%,7.01,53%,2.88,24%,0%,1.0,http://www.ufcstats.com/fighter-details/fc0a4053eb8a3a59
Taylor Callens,Taylor,Callens,,"5' 10""",155 lbs.,--,,"May 21, 1991",6,0,0,,0.00,0%,0.00,0%,0.00,0%,0%,0.0,http://www.ufcstats.com/fighter-details/53d471e9bf5f2fc8
Cynthia Calvillo,Cynthia,Calvillo,,"5' 4""",115 lbs.,"64.0""",Orthodox,"Jul 13, 1987",9,6,1,,4.41,38%,4.12,64%,1.80,44%,77%,0.8,http://www.ufcstats.com/fighter-details/98215d037be5bcb7
Joe Camacho,Joe,Camacho,,"5' 9""",155 lbs.,--,Orthodox,"Mar 10, 1972",13,19,3,,0.31,17%,5.00,42%,0.00,0%,0%,0.0,http://www.ufcstats.com/fighter-details/dfb965c9824425db
Frank Camacho,Frank,Camacho,The Crank,"5' 10""",155 lbs.,"73.0""",Orthodox,"May 18, 1989",22,10,0,,6.56,46%,7.44,51%,1.11,31%,73%,0.0,http://www.ufcstats.com/fighter-details/764342d39cdaa54a
Lucas Camacho,Lucas,Camacho,,"6' 4""",265 lbs.,"80.0""",Orthodox,"Dec 15, 1992",6,1,0,,4.08,38%,8.16,6%,0.00,0%,0%,0.0,http://www.ufcstats.com/fighter-details/71d25689f70e4036
Matheus Camilo,Matheus,Camilo,Jaguar,"5' 10""",155 lbs.,"69.0""",Orthodox,"Jan 02, 2001",10,3,0,,2.19,43%,3.25,64%,4.43,53%,0%,0.6,http://www.ufcstats.com/fighter-details/72f890c5d421e705
Fabricio Camoes,Fabricio,Camoes,Morango,"5' 10""",155 lbs.,"71.0""",Orthodox,"Dec 23, 1978",14,9,1,,1.29,33%,1.85,61%,2.34,32%,20%,1.5,http://www.ufcstats.com/fighter-details/7abe471b61725980
Chris Camozzi,Chris,Camozzi,,"6' 2""",185 lbs.,"75.0""",Orthodox,"Nov 20, 1986",24,13,0,,3.57,44%,2.96,56%,0.27,19%,57%,0.5,http://www.ufcstats.com/fighter-details/6c2030e0a143a94b
Brian Camozzi,Brian,Camozzi,Mantis,"6' 2""",170 lbs.,"78.0""",Orthodox,"Jun 24, 1991",7,5,0,,3.15,26%,6.39,54%,0.00,0%,0%,0.7,http://www.ufcstats.com/fighter-details/1999ffb5cebc314f
Ricky Camp,Ricky,Camp,2 Slick,"5' 7""",135 lbs.,--,,--,11,4,0,,0.00,0%,0.00,0%,0.00,0%,0%,0.0,http://www.ufcstats.com/fighter-details/4a99978a0366bb29
Mike Campbell,Mike,Campbell,The Beast,"5' 9""",155 lbs.,--,Southpaw,"Nov 15, 1982",13,4,0,,1.40,26%,1.40,63%,5.26,100%,0%,0.0,http://www.ufcstats.com/fighter-details/f5585e675af7afd4
Thomas Campbell,Thomas,Campbell,,--,--,--,,--,3,3,0,,0.00,0%,0.00,0%,0.00,0%,0%,0.0,http://www.ufcstats.com/fighter-details/d060014a5a039829
Sarah D'alelio,Sarah,D'alelio,The Monster,"5' 7""",145 lbs.,--,,"Dec 13, 1980",11,7,0,,2.40,33%,0.00,100%,0.00,0%,100%,0.0,http://www.ufcstats.com/fighter-details/ac45450f75d14f16
Marcos da Matta,Marcos,da Matta,Parrumpinha,"5' 4""",145 lbs.,--,,"Mar 18, 1973",11,3,0,,0.00,0%,0.00,0%,0.00,0%,0%,0.0,http://www.ufcstats.com/fighter-details/3b6d84343579fd33
Henrique da Silva,Henrique,da Silva,Frankenstein,"6' 3""",205 lbs.,"76.0""",Orthodox,"Sep 01, 1989",14,5,0,,3.89,60%,5.28,40%,0.25,14%,22%,0.2,http://www.ufcstats.com/fighter-details/b0bd0c5425668b8f
Ariane da Silva,Ariane,da Silva,Queen of Violence,"5' 6""",125 lbs.,"67.0""",Orthodox,"Jan 26, 1994",17,11,0,,4.05,41%,4.40,50%,0.47,38%,68%,0.3,http://www.ufcstats.com/fighter-details/6551c64fbcd1a467
Alex Da Silva,Alex,Da Silva,Leko,"5' 8""",155 lbs.,"73.0""",Orthodox,"Feb 04, 1996",21,4,0,,2.14,46%,2.52,56%,1.97,43%,76%,0.3,http://www.ufcstats.com/fighter-details/c3ded6f7155f9ea4
Radley Da Silva,Radley,Da Silva,Snake Eyes,"5' 9""",145 lbs.,"71.0""",Orthodox,"Jun 20, 1995",8,1,0,,0.27,22%,0.93,48%,6.00,100%,100%,0.0,http://www.ufcstats.com/fighter-details/0d68c7bfdff1dc34
Henrique Da Silva Lopes,Henrique,Da Silva Lopes,Montanha,"6' 3""",240 lbs.,--,,"Mar 08, 1985",5,2,0,,0.00,0%,0.00,0%,0.00,0%,0%,0.0,http://www.ufcstats.com/fighter-details/1f8cd7634e8286ff
Deni Daffa,Deni,Daffa,,"6' 0""",155 lbs.,"74.0""",Orthodox,"Sep 08, 1999",6,2,0,,3.47,38%,6.45,38%,0.00,0%,0%,0.0,http://www.ufcstats.com/fighter-details/d28bef63e7d8d536
Nicolas Dalby,Nicolas,Dalby,Lokomotivo,"5' 11""",170 lbs.,"74.0""",Orthodox,"Nov 16, 1984",24,6,1,,3.88,43%,3.51,52%,0.90,26%,59%,0.1,http://www.ufcstats.com/fighter-details/9d19d9e4aa2662e8
Paul Daley,Paul,Daley,Semtex,"5' 9""",170 lbs.,"76.0""",Orthodox,"Feb 21, 1983",39,15,2,,3.14,47%,2.37,60%,0.91,40%,64%,0.0,http://www.ufcstats.com/fighter-details/23725c826c481e7f
Dave Dalgliesh,Dave,Dalgliesh,,"6' 2""",205 lbs.,--,Orthodox,"Apr 05, 1978",30,19,2,,0.00,0%,1.85,50%,0.00,0%,0%,0.0,http://www.ufcstats.com/fighter-details/ddbd0d6259ce57cc
Richard Dalton,Richard,Dalton,,"6' 1""",205 lbs.,--,Orthodox,"Jul 19, 1977",4,3,1,,1.20,69%,3.27,25%,1.00,11%,0%,0.0,http://www.ufcstats.com/fighter-details/6cd3dfc54f01287f
Aisling Daly,Aisling,Daly,Ais the Bash,"5' 2""",115 lbs.,"64.0""",Orthodox,"Dec 24, 1987",16,6,0,,2.92,52%,1.40,55%,2.15,41%,33%,0.9,http://www.ufcstats.com/fighter-details/e50cd77732d39967
Marko Damiani,Marko,Damiani,,"6' 0""",170 lbs.,--,,--,0,2,0,,0.00,0%,0.00,0%,0.00,0%,0%,0.0,http://www.ufcstats.com/fighter-details/6e9b5c74c0860deb
Leonardo Damiani,Leonardo,Damiani,Puppy,"5' 10""",170 lbs.,"69.0""",Orthodox,"Aug 30, 1990",10,3,1,,1.67,23%,4.17,37%,0.00,0%,50%,0.0,http://www.ufcstats.com/fighter-details/acd870570949d8a2
Rodrigo Damm,Rodrigo,Damm,,"5' 7""",155 lbs.,"71.0""",Orthodox,"Feb 03, 1980",13,9,0,,3.50,36%,5.61,57%,0.44,16%,80%,0.3,http://www.ufcstats.com/fighter-details/a20d7dfaba74c067
Carina Damm,Carina,Damm,Beauty But the Beast,"5' 4""",135 lbs.,--,,--,2,13,0,,0.00,0%,0.00,0%,0.00,0%,0%,0.0,http://www.ufcstats.com/fighter-details/033343da4c0cff8a
Batgerel Danaa,Batgerel,Danaa,Storm,"5' 7""",135 lbs.,"70.0""",Orthodox,"Jul 04, 1989",12,5,0,,5.38,36%,4.21,47%,0.52,50%,62%,0.0,http://www.ufcstats.com/fighter-details/3b0a516d2921e0d6
Cindy Dandois,Cindy,Dandois,Battlecat,"5' 7""",135 lbs.,--,Orthodox,"Oct 26, 1984",8,3,0,,3.13,32%,3.40,58%,5.00,55%,0%,0.0,http://www.ufcstats.com/fighter-details/9eef6584fab21fbb
Peter Danesoe,Peter,Danesoe,The Asian Viking,"5' 9""",135 lbs.,"68.0""",Orthodox,"Sep 01, 2000",8,4,0,,4.99,52%,6.73,38%,0.00,0%,62%,0.0,http://www.ufcstats.com/fighter-details/5f119b24c0f9679c
Jarjis Danho,Jarjis,Danho,Man Mountain,"6' 3""",265 lbs.,"74.0""",Orthodox,"Oct 15, 1983",7,1,1,,3.38,50%,5.25,49%,0.51,16%,100%,0.0,http://www.ufcstats.com/fighter-details/8614b7134913f5d5
Jose Daniel Medina,Jose,Daniel Medina,Chicho,"6' 0""",185 lbs.,"74.0""",Orthodox,"May 17, 1991",11,7,0,,2.13,36%,5.34,46%,0.39,33%,27%,0.0,http://www.ufcstats.com/fighter-details/baa9be02c3e3e038
Raymond Daniels,Raymond,Daniels,,"6' 2""",185 lbs.,--,Southpaw,"Apr 29, 1980",0,1,0,,0.00,0%,2.61,38%,0.00,0%,33%,3.0,http://www.ufcstats.com/fighter-details/fccb0fee256b7b4d
Marques Daniels,Marques,Daniels,,--,155 lbs.,--,,"Jun 14, 1978",5,5,0,,0.00,0%,0.00,0%,0.00,0%,0%,0.0,http://www.ufcstats.com/fighter-details/55a80a9365bc107d
Anvarbek Daniyalbekov,Anvarbek,Daniyalbekov,,--,185 lbs.,--,,"May 27, 1995",8,0,0,,0.00,0%,0.00,0%,0.00,0%,0%,0.0,http://www.ufcstats.com/fighter-details/859e0dafd04fe1ca
Ben Earwood,Ben,Earwood,,"5' 8""",170 lbs.,--,Orthodox,--,12,3,0,,0.50,55%,0.20,33%,3.00,100%,0%,0.0,http://www.ufcstats.com/fighter-details/ee457ef1e1c326c1
Cody East,Cody,East,The Freight Train,"6' 3""",245 lbs.,--,Orthodox,"Jun 29, 1988",12,3,0,,4.15,43%,7.32,40%,3.97,100%,16%,0.0,http://www.ufcstats.com/fighter-details/5713c1d2fac539ac
Marvin Eastman,Marvin,Eastman,The Beastman,"5' 9""",185 lbs.,"73.0""",Orthodox,"Jun 08, 1971",18,15,1,,2.21,35%,3.92,42%,1.38,33%,81%,0.0,http://www.ufcstats.com/fighter-details/05866d8c3a321856
Mike Easton,Mike,Easton,The Hulk,"5' 6""",135 lbs.,"70.0""",Southpaw,"Jan 25, 1984",13,6,0,,3.51,37%,4.28,61%,0.75,22%,66%,0.0,http://www.ufcstats.com/fighter-details/bc7230f231701d66
Maurice Eazel,Maurice,Eazel,,"5' 7""",135 lbs.,--,,--,7,15,0,,0.00,0%,0.00,0%,0.00,0%,0%,0.0,http://www.ufcstats.com/fighter-details/4acb99524a9a81ab
Vincent Eazelle,Vincent,Eazelle,The Real Deal,"5' 11""",155 lbs.,--,,"Dec 07, 1980",9,2,0,,0.00,0%,0.00,0%,0.00,0%,0%,0.0,http://www.ufcstats.com/fighter-details/ec421d5de0aea624
Ross Ebanez,Ross,Ebanez,The Boss,"5' 9""",154 lbs.,--,Southpaw,"May 18, 1975",20,10,0,,0.74,50%,0.74,62%,3.70,100%,0%,0.0,http://www.ufcstats.com/fighter-details/a5b0bd216d8ba84e
Brian Ebersole,Brian,Ebersole,Bad Boy,"6' 0""",170 lbs.,"73.0""",Southpaw,"Nov 27, 1980",51,18,1,,2.32,49%,2.14,56%,1.70,23%,61%,0.1,http://www.ufcstats.com/fighter-details/32ba186f4b0e3267
Roybert Echeverria,Roybert,Echeverria,The Unbroken,"5' 5""",125 lbs.,"67.0""",Switch,"Aug 21, 1995",7,1,0,,2.95,53%,2.52,57%,0.00,0%,71%,2.6,http://www.ufcstats.com/fighter-details/20b13e96668caaa4
Mark Eddiva,Mark,Eddiva,,"5' 8""",145 lbs.,"68.0""",Orthodox,"Feb 16, 1986",6,3,0,,3.37,45%,2.98,54%,1.45,22%,63%,0.0,http://www.ufcstats.com/fighter-details/40ff198adda94b9f
Frankie Edgar,Frankie,Edgar,The Answer,"5' 6""",135 lbs.,"68.0""",Orthodox,"Oct 16, 1981",23,11,1,,3.77,40%,2.82,65%,2.29,31%,65%,0.3,http://www.ufcstats.com/fighter-details/f2688492b9a525a3
Abdul-Kerim Edilov,Abdul-Kerim,Edilov,,"6' 2""",205 lbs.,--,Orthodox,"Nov 25, 1991",17,4,0,,10.22,61%,0.13,92%,3.98,100%,0%,2.0,http://www.ufcstats.com/fighter-details/37e03538c960bac6
Johnny Eduardo,Johnny,Eduardo,,"5' 7""",135 lbs.,"71.0""",Orthodox,"Aug 03, 1978",28,13,0,,2.95,39%,3.22,63%,0.22,20%,58%,0.4,http://www.ufcstats.com/fighter-details/528c24b99fbaab79
Yves Edwards,Yves,Edwards,,"5' 9""",155 lbs.,"73.0""",Southpaw,"Sep 30, 1976",42,22,1,,2.91,42%,2.34,66%,0.76,53%,69%,0.7,http://www.ufcstats.com/fighter-details/5f04e3d58d9ce982
Justin Edwards,Justin,Edwards,Fast Eddy,"5' 10""",155 lbs.,"70.0""",Orthodox,"Jan 26, 1983",9,5,0,,2.68,42%,3.32,51%,2.14,26%,27%,1.0,http://www.ufcstats.com/fighter-details/e56daf7725a0b5ab
Leon Edwards,Leon,Edwards,Rocky,"6' 2""",170 lbs.,"74.0""",Southpaw,"Aug 25, 1991",22,6,0,,2.60,54%,2.44,52%,1.25,37%,63%,0.4,http://www.ufcstats.com/fighter-details/f1fac969a1d70b08
Te Edwards,Te,Edwards,,"5' 8""",155 lbs.,"72.0""",Orthodox,"Sep 11, 1990",6,3,0,,1.50,41%,4.15,44%,0.72,100%,44%,0.0,http://www.ufcstats.com/fighter-details/ef44e4ea9050f2ea
Adli Edwards,Adli,Edwards,,--,145 lbs.,--,,"Aug 28, 1989",4,1,0,,0.00,0%,0.00,0%,0.00,0%,0%,0.0,http://www.ufcstats.com/fighter-details/e6904a03a66e711d
Joselyne Edwards,Joselyne,Edwards,La Pantera,"5' 8""",135 lbs.,"70.0""",Orthodox,"Sep 29, 1995",17,6,0,,4.61,53%,3.24,50%,1.43,40%,61%,0.6,http://www.ufcstats.com/fighter-details/f9ab66e67240db7b
Tom Egan,Tom,Egan,,"5' 11""",170 lbs.,--,Orthodox,--,7,5,0,,0.00,0%,3.91,50%,0.00,0%,28%,0.0,http://www.ufcstats.com/fighter-details/eae4aec1a5a8ff01
Stephanie Egger,Stephanie,Egger,,"5' 6""",135 lbs.,"68.0""",Orthodox,"Aug 12, 1988",8,5,0,,2.20,46%,2.48,52%,2.48,42%,50%,0.6,http://www.ufcstats.com/fighter-details/5e6294b37bbef029
Justin Eilers,Justin,Eilers,The Hammer,"6' 1""",235 lbs.,--,Orthodox,"Jun 28, 1978",19,7,1,,2.86,43%,5.66,49%,0.82,25%,50%,0.0,http://www.ufcstats.com/fighter-details/27fc9218a3653e3c
Jon Olav Einemo,Jon Olav,Einemo,The Viking,"6' 6""",253 lbs.,--,Orthodox,"Dec 10, 1975",6,3,0,,2.15,52%,3.05,52%,1.73,55%,43%,0.0,http://www.ufcstats.com/fighter-details/0577808d22dfe79c
Per Eklund,Per,Eklund,,"5' 10""",155 lbs.,"72.0""",Orthodox,"Nov 12, 1980",14,5,1,,2.07,61%,2.38,67%,2.07,11%,50%,3.6,http://www.ufcstats.com/fighter-details/58bc81376286b3d3
John Elam,John,Elam,,--,--,--,,--,2,0,0,,0.00,0%,0.00,0%,0.00,0%,0%,0.0,http://www.ufcstats.com/fighter-details/22d80fb67e50ab0b
Edward Faaloloto,Edward,Faaloloto,,--,155 lbs.,"70.0""",Orthodox,"Jul 15, 1984",2,5,0,,2.28,32%,6.25,44%,1.01,25%,33%,0.0,http://www.ufcstats.com/fighter-details/6224e8d0a34264eb
Urijah Faber,Urijah,Faber,The California Kid,"5' 6""",135 lbs.,"67.0""",Orthodox,"May 14, 1979",35,11,0,,2.65,40%,2.59,64%,1.54,30%,58%,0.8,http://www.ufcstats.com/fighter-details/78114b7199cef90c
Melinda Fabian,Melinda,Fabian,,"5' 6""",125 lbs.,"66.0""",Orthodox,"Jun 25, 1987",4,4,2,,4.03,41%,4.00,62%,0.00,0%,100%,0.0,http://www.ufcstats.com/fighter-details/8c020156779f7888
Wagnney Fabiano,Wagnney,Fabiano,The Silencer,"5' 6""",145 lbs.,"69.0""",Southpaw,"Jul 14, 1975",16,4,0,,1.19,38%,0.66,70%,3.44,64%,100%,0.4,http://www.ufcstats.com/fighter-details/40389d39a92f5bfa
Bartosz Fabinski,Bartosz,Fabinski,The Butcher,"6' 0""",170 lbs.,"75.0""",Orthodox,"Apr 26, 1986",15,5,0,,2.23,68%,1.46,51%,7.10,70%,80%,0.0,http://www.ufcstats.com/fighter-details/e17ac6410c8377f4
Ron Faircloth,Ron,Faircloth,,"5' 9""",205 lbs.,--,Orthodox,"Aug 16, 1979",33,20,0,,0.39,40%,8.90,42%,0.00,0%,0%,0.0,http://www.ufcstats.com/fighter-details/453ee00c3e1ae9dd
Jason Fairn,Jason,Fairn,,"6' 1""",230 lbs.,--,,--,4,5,0,,0.00,0%,0.00,0%,0.00,0%,0%,0.0,http://www.ufcstats.com/fighter-details/adea9f0090aa8e14
Zarah Fairn,Zarah,Fairn,Infinite,"5' 8""",135 lbs.,"72.0""",Orthodox,"Dec 10, 1983",6,6,0,,4.55,31%,7.40,45%,0.00,0%,60%,0.0,http://www.ufcstats.com/fighter-details/862b0b3375aa4b6e
Rinat Fakhretdinov,Rinat,Fakhretdinov,Gladiator,"6' 0""",170 lbs.,"74.0""",Orthodox,"Sep 28, 1991",24,1,1,,5.03,52%,3.61,54%,3.91,34%,91%,0.2,http://www.ufcstats.com/fighter-details/8f765fd5775a8873
Maiquel Falcao,Maiquel,Falcao,Big Rig,"5' 11""",185 lbs.,--,Orthodox,"Mar 08, 1981",37,10,0,,1.67,55%,0.53,86%,1.00,100%,71%,3.0,http://www.ufcstats.com/fighter-details/d58478ded5534695
Pedro Falcao,Pedro,Falcao,Pedrinho,"5' 6""",135 lbs.,"66.0""",Orthodox,"Jul 30, 1992",16,5,0,,3.21,48%,3.39,50%,2.73,25%,66%,0.0,http://www.ufcstats.com/fighter-details/f7be1db194e03d7e
Brodie Farber,Brodie,Farber,,"6' 1""",170 lbs.,--,Orthodox,"Jul 05, 1980",16,7,0,,1.69,45%,2.17,53%,0.90,50%,20%,0.9,http://www.ufcstats.com/fighter-details/91d73ee59347ac16
Joao Paulo Faria,Joao Paulo,Faria,,"5' 9""",155 lbs.,--,,--,1,1,0,,6.69,64%,2.09,85%,1.25,50%,0%,1.2,http://www.ufcstats.com/fighter-details/04e9955f33e0c267
Kalindra Faria,Kalindra,Faria,,"5' 7""",125 lbs.,--,Switch,"Jul 23, 1986",18,8,1,,2.23,56%,1.44,45%,1.31,66%,20%,0.7,http://www.ufcstats.com/fighter-details/27b164b0d1833df0
Jair Farias,Jair,Farias,Chosen,"6' 1""",145 lbs.,"76.0""",Orthodox,"Mar 16, 1993",10,1,0,,3.80,39%,5.33,51%,0.00,0%,41%,0.0,http://www.ufcstats.com/fighter-details/431262bbc69215dc
Chance Farrar,Chance,Farrar,,"5' 9""",145 lbs.,--,Southpaw,"Sep 11, 1975",8,3,0,,0.81,22%,2.21,67%,3.02,100%,0%,0.0,http://www.ufcstats.com/fighter-details/49c7236c737d7e59
Rico Farrington,Rico,Farrington,The Triggerman,"6' 4""",170 lbs.,"79.0""",Southpaw,"Jun 19, 1989",7,3,0,,6.33,41%,7.20,51%,0.00,0%,20%,0.0,http://www.ufcstats.com/fighter-details/f89e6e66b9b112de
Kelly Faszholz,Kelly,Faszholz,,"5' 8""",135 lbs.,--,Orthodox,"Apr 09, 1985",4,2,0,,4.01,48%,3.61,52%,0.00,0%,44%,0.0,http://www.ufcstats.com/fighter-details/9c42a0de8e012870
Rodney Faverus,Rodney,Faverus,,"6' 0""",215 lbs.,--,Southpaw,"Jan 03, 1975",25,20,3,,2.30,53%,1.60,54%,4.50,100%,25%,0.0,http://www.ufcstats.com/fighter-details/5af26b3201690d29
Paul Felder,Paul,Felder,The Irish Dragon,"5' 11""",155 lbs.,"70.0""",Orthodox,"Apr 25, 1984",17,6,0,,3.70,44%,3.44,48%,0.29,28%,64%,0.2,http://www.ufcstats.com/fighter-details/e5010b1b94ca5755
Carlos Felipe,Carlos,Felipe,Boi,"6' 0""",245 lbs.,"75.0""",Orthodox,"Jan 12, 1995",11,2,0,,4.88,45%,5.60,50%,0.00,0%,72%,0.0,http://www.ufcstats.com/fighter-details/a2ea77e974c5889f
JP Felty,JP,Felty,,--,170 lbs.,--,,"Apr 28, 1979",4,5,0,,0.00,0%,0.00,0%,0.00,0%,0%,0.0,http://www.ufcstats.com/fighter-details/954e3f4e2b0e6510
Feng Pengchao,Feng,Pengchao,,--,135 lbs.,--,,--,15,9,1,,0.00,0%,0.00,0%,0.00,0%,0%,0.0,http://www.ufcstats.com/fighter-details/86597694317e5e1b
Feng Xiaocan,Feng,Xiaocan,,"5' 7""",115 lbs.,"67.0""",Southpaw,"Oct 27, 2001",10,4,0,,4.18,49%,1.49,68%,0.70,100%,63%,0.0,http://www.ufcstats.com/fighter-details/c940b42df95bbd28
Kevin Ferguson,Kevin,Ferguson,Kimbo Slice,"6' 2""",235 lbs.,"77.0""",Orthodox,"Feb 08, 1974",5,2,0,,2.30,50%,3.41,38%,3.10,72%,36%,1.2,http://www.ufcstats.com/fighter-details/27541033b97c076d
James Gabert,James,Gabert,,--,178 lbs.,--,,--,6,4,0,,0.00,0%,0.00,0%,0.00,0%,0%,0.0,http://www.ufcstats.com/fighter-details/fcd8b623892b9a10
Gustavo Gabriel,Gustavo,Gabriel,,"5' 6""",125 lbs.,--,Orthodox,"Apr 01, 1994",13,1,0,,4.06,65%,4.26,46%,0.00,0%,50%,0.0,http://www.ufcstats.com/fighter-details/fe98f86284a6eeb3
Claudia Gadelha,Claudia,Gadelha,Claudinha,"5' 4""",115 lbs.,"63.0""",Orthodox,"Dec 07, 1988",18,5,0,,3.31,41%,4.57,57%,3.03,42%,58%,0.7,http://www.ufcstats.com/fighter-details/ec34349e7dffcde7
Alavutdin Gadjiev,Alavutdin,Gadjiev,,"6' 2""",185 lbs.,--,Orthodox,"Jun 23, 1982",18,13,1,,0.99,27%,0.99,57%,0.00,0%,50%,0.0,http://www.ufcstats.com/fighter-details/a7a79b8efbceaaac
Magomed Gadzhiyasulov,Magomed,Gadzhiyasulov,,"6' 2""",205 lbs.,"75.0""",Orthodox,"Nov 04, 1993",9,1,0,,2.89,49%,1.64,62%,3.67,73%,61%,0.0,http://www.ufcstats.com/fighter-details/6e344b71421103da
Justin Gaethje,Justin,Gaethje,The Highlight,"5' 11""",155 lbs.,"70.0""",Orthodox,"Nov 14, 1988",27,5,0,,6.48,58%,7.05,51%,0.33,40%,74%,0.0,http://www.ufcstats.com/fighter-details/9e8f6c728eb01124
Sheila Gaff,Sheila,Gaff,The German Tank,"5' 5""",135 lbs.,--,Orthodox,"Dec 29, 1989",9,7,0,,1.60,50%,2.89,28%,0.00,0%,20%,0.0,http://www.ufcstats.com/fighter-details/837d30395faca41e
Muin Gafurov,Muin,Gafurov,Tajik,"5' 7""",135 lbs.,"68.0""",Orthodox,"May 17, 1996",20,7,0,,3.36,47%,2.51,55%,1.57,28%,70%,0.0,http://www.ufcstats.com/fighter-details/a54660deb6a8489c
Mitch Gagnon,Mitch,Gagnon,,"5' 5""",135 lbs.,"65.0""",Southpaw,"Oct 10, 1984",12,5,0,,2.76,46%,2.21,61%,1.16,25%,65%,1.9,http://www.ufcstats.com/fighter-details/b8592b4a383696cd
Brandon Gaines,Brandon,Gaines,,"6' 3""",185 lbs.,--,,"Feb 24, 1982",5,21,0,,0.00,0%,0.00,0%,0.00,0%,0%,0.0,http://www.ufcstats.com/fighter-details/8e6cfbd455f0f9c2
Travis Galbraith,Travis,Galbraith,The Gladiator,"6' 0""",170 lbs.,--,Orthodox,"May 18, 1981",18,7,0,,2.21,40%,3.45,48%,1.33,25%,0%,1.3,http://www.ufcstats.com/fighter-details/06dc1a58663579d2
Dave Galera,Dave,Galera,Scarecrow,"5' 11""",135 lbs.,--,Orthodox,"Jan 12, 1978",5,1,0,,1.67,69%,0.53,33%,0.00,0%,14%,2.0,http://www.ufcstats.com/fighter-details/0876d21328cf4a45
Zelg Galesic,Zelg,Galesic,Benkei,"6' 2""",185 lbs.,--,Orthodox,"Feb 16, 1979",11,9,0,,4.86,62%,0.61,66%,1.30,100%,20%,1.3,http://www.ufcstats.com/fighter-details/8a1b4330c7957961
Mickey Gall,Mickey,Gall,,"6' 2""",170 lbs.,"74.0""",Switch,"Jan 22, 1992",7,7,0,,3.50,49%,4.72,49%,1.15,32%,37%,1.6,http://www.ufcstats.com/fighter-details/9e50097a89442158
Daniel Gallemore,Daniel,Gallemore,Big Kansas,"6' 5""",265 lbs.,--,,--,7,3,0,,3.10,41%,6.00,52%,0.00,0%,0%,0.0,http://www.ufcstats.com/fighter-details/96706c75a2b14164
Tom Gallicchio,Tom,Gallicchio,Da Tank,"5' 10""",170 lbs.,--,Southpaw,"Sep 23, 1986",19,10,0,,3.53,26%,7.07,43%,1.00,11%,0%,0.0,http://www.ufcstats.com/fighter-details/cc81c92fe2254935
Turrell Galloway,Turrell,Galloway,,"5' 3""",145 lbs.,--,,"Aug 11, 1976",8,6,0,,0.00,0%,0.00,0%,0.00,0%,0%,0.0,http://www.ufcstats.com/fighter-details/7e654edcddd71550
Eric Galvan,Eric,Galvan,,--,155 lbs.,--,,--,0,0,0,,0.00,0%,0.00,0%,0.00,0%,0%,0.0,http://www.ufcstats.com/fighter-details/ad3fdba28a7540cf
Andre Galvao,Andre,Galvao,,"5' 7""",168 lbs.,--,Orthodox,"Sep 29, 1982",5,2,0,,2.34,52%,1.56,58%,2.02,27%,0%,2.8,http://www.ufcstats.com/fighter-details/45fe6765c56d8018
Marcos Galvao,Marcos,Galvao,Loro,"5' 7""",135 lbs.,--,Orthodox,"Jun 23, 1981",18,8,1,,1.97,32%,3.86,61%,2.27,28%,88%,1.1,http://www.ufcstats.com/fighter-details/e15d0a2519d6a0b5
Lucas Gamaza,Lucas,Gamaza,,--,170 lbs.,--,,--,8,4,0,,7.57,31%,6.99,45%,0.00,0%,0%,0.0,http://www.ufcstats.com/fighter-details/289a3b69b85da7cd
Joey Gambino,Joey,Gambino,The Raging Warrior,"5' 7""",145 lbs.,--,Orthodox,"Oct 26, 1988",9,2,0,,2.47,35%,2.53,51%,0.00,0%,42%,0.8,http://www.ufcstats.com/fighter-details/10559c53de0b950e
Manvel Gamburyan,Manvel,Gamburyan,The Anvil,"5' 5""",135 lbs.,"67.0""",Orthodox,"May 08, 1981",15,10,0,,2.13,41%,2.83,55%,3.26,34%,69%,0.7,http://www.ufcstats.com/fighter-details/cc6f9d1e89f3449a
Mateusz Gamrot,Mateusz,Gamrot,Gamer,"5' 10""",155 lbs.,"70.0""",Southpaw,"Dec 11, 1990",25,4,0,,3.29,51%,2.96,59%,5.15,37%,83%,0.1,http://www.ufcstats.com/fighter-details/72db2a14ffa73ece
Shamil Gamzatov,Shamil,Gamzatov,,"6' 2""",205 lbs.,"76.0""",Orthodox,"Aug 09, 1990",14,1,0,,5.35,48%,3.46,51%,0.00,0%,50%,0.0,http://www.ufcstats.com/fighter-details/0d980975001ae3d8
Chelsea Hackett,Chelsea,Hackett,Hammer,"5' 4""",125 lbs.,"66.0""",Switch,"Aug 16, 1998",3,1,1,,2.58,51%,4.85,46%,0.00,0%,57%,0.0,http://www.ufcstats.com/fighter-details/184b7a36d50dcc5e
Keith Hackney,Keith,Hackney,The Giant Killer,"5' 11""",200 lbs.,--,Sideways,"Apr 15, 1958",2,2,0,,0.00,0%,0.00,0%,0.00,0%,0%,0.0,http://www.ufcstats.com/fighter-details/bf12aca029bfcc47
Cody Haddon,Cody,Haddon,,"5' 7""",135 lbs.,"69.0""",Orthodox,"Sep 08, 1998",8,1,0,,9.20,51%,3.47,64%,2.48,37%,83%,0.8,http://www.ufcstats.com/fighter-details/8e6654e9f0461b8f
Jake Hadley,Jake,Hadley,White Kong,"5' 7""",135 lbs.,"70.0""",Southpaw,"Aug 03, 1996",11,4,0,,3.80,43%,4.16,61%,0.33,11%,54%,1.1,http://www.ufcstats.com/fighter-details/60a42bf82447c919
Steve Hadsel,Steve,Hadsel,,"5' 8""",170 lbs.,--,,--,3,0,0,,0.00,0%,0.00,0%,0.00,0%,0%,0.0,http://www.ufcstats.com/fighter-details/99793cf88c5adeee
Damir Hadzovic,Damir,Hadzovic,The Bosnian Bomber,"5' 9""",155 lbs.,"70.0""",Orthodox,"Aug 08, 1986",14,8,0,,3.34,47%,3.74,59%,0.91,54%,34%,0.1,http://www.ufcstats.com/fighter-details/38c626ca912c7bac
Bassil Hafez,Bassil,Hafez,The Habibi,"5' 11""",170 lbs.,"72.0""",Orthodox,"Jan 31, 1992",9,4,1,,3.71,38%,5.68,41%,2.21,24%,50%,0.0,http://www.ufcstats.com/fighter-details/f4d92416da98804b
Tim Hague,Tim,Hague,The Trashing Machine,"6' 4""",260 lbs.,"76.0""",Orthodox,"May 09, 1983",21,13,0,,2.79,47%,4.14,46%,1.72,33%,85%,0.9,http://www.ufcstats.com/fighter-details/219a254e15d60135
Theo Haig,Theo,Haig,,"6' 2""",185 lbs.,"77.0""",Orthodox,"Aug 23, 1996",6,1,0,,0.00,0%,28.33,0%,0.00,0%,0%,0.0,http://www.ufcstats.com/fighter-details/8a213af406eb2dd4
Yazan Hajeh,Yazan,Hajeh,Yazzle Dazzle,"5' 9""",145 lbs.,--,Orthodox,"Sep 04, 1992",6,1,0,,1.54,25%,17.44,44%,0.00,0%,100%,0.0,http://www.ufcstats.com/fighter-details/4955c524c2a71469
Stoney Hale,Stoney,Hale,The Skuller,"6' 0""",--,--,,"Oct 18, 1979",5,3,0,,0.00,0%,0.00,0%,0.00,0%,0%,0.0,http://www.ufcstats.com/fighter-details/206a7d47eb62170e
Kevin Haley,Kevin,Haley,The North Woods Nightmare,"6' 2""",205 lbs.,--,,--,6,4,0,,0.87,59%,0.87,64%,3.00,100%,0%,2.0,http://www.ufcstats.com/fighter-details/439d4bbefd4e6940
Mark Hall,Mark,Hall,,"6' 0""",190 lbs.,--,Orthodox,"Jan 26, 1961",5,6,0,,0.00,0%,0.00,0%,0.00,0%,0%,0.0,http://www.ufcstats.com/fighter-details/18524b46c570730b
Uriah Hall,Uriah,Hall,Prime Time,"6' 0""",185 lbs.,"79.0""",Orthodox,"Jul 31, 1984",18,11,0,,3.23,48%,3.85,54%,0.54,38%,64%,0.1,http://www.ufcstats.com/fighter-details/65578a75fa7900e3
Ryan Hall,Ryan,Hall,The Wizard,"5' 10""",145 lbs.,"70.0""",Southpaw,"Feb 22, 1985",9,2,0,,2.38,50%,1.33,65%,0.22,9%,0%,2.2,http://www.ufcstats.com/fighter-details/8866c6f509c19089
Dennis Hallman,Dennis,Hallman,Superman,"5' 9""",155 lbs.,"72.0""",Orthodox,"Dec 02, 1975",53,20,2,,1.12,44%,1.96,43%,1.79,30%,25%,2.1,http://www.ufcstats.com/fighter-details/8a8a84b743ae7699
Piotr Hallmann,Piotr,Hallmann,Pletwal,"5' 9""",155 lbs.,"71.0""",Orthodox,"Aug 25, 1987",18,6,0,,3.98,45%,3.17,58%,2.55,44%,70%,0.4,http://www.ufcstats.com/fighter-details/a3be148af5c7b088
Tony Halme,Tony,Halme,,"6' 3""",300 lbs.,--,Orthodox,"Jan 06, 1963",0,4,0,,0.00,0%,0.00,0%,0.00,0%,0%,0.0,http://www.ufcstats.com/fighter-details/bad28b7b34f334de
Brandon Halsey,Brandon,Halsey,Bull,"6' 0""",185 lbs.,--,,"Sep 16, 1986",9,3,0,,1.74,47%,0.87,65%,4.98,53%,100%,1.2,http://www.ufcstats.com/fighter-details/e763679f15326ae1
John Halverson,John,Halverson,The Hurricane,"5' 9""",155 lbs.,--,Southpaw,"Sep 08, 1972",16,8,0,,2.94,43%,5.29,47%,0.00,0%,66%,2.0,http://www.ufcstats.com/fighter-details/88c8f47241d90040
Seo Hee Ham,Seo Hee,Ham,,"5' 2""",115 lbs.,"62.0""",Southpaw,"Mar 08, 1987",17,8,0,,4.20,39%,5.15,61%,0.00,0%,66%,0.2,http://www.ufcstats.com/fighter-details/165c244bcca3ed26
Frank Hamaker,Frank,Hamaker,,--,--,--,,--,1,0,0,,0.00,0%,0.00,0%,0.00,0%,0%,0.0,http://www.ufcstats.com/fighter-details/c3c23c99477c041b
Kazuhiro Hamanaka,Kazuhiro,Hamanaka,,"6' 0""",185 lbs.,--,Southpaw,"Oct 24, 1978",5,7,1,,1.70,37%,0.91,60%,0.00,0%,50%,0.0,http://www.ufcstats.com/fighter-details/1b4d6971bb18b82c
Rami Hamed,Rami,Hamed,,"6' 1""",170 lbs.,"71.0""",Orthodox,"Apr 25, 1991",13,3,0,,3.87,51%,3.40,50%,0.00,0%,50%,0.0,http://www.ufcstats.com/fighter-details/a59017211b775b5d
Matt Hamill,Matt,Hamill,The Hammer,"6' 1""",205 lbs.,"76.0""",Orthodox,"Oct 05, 1976",12,8,0,,3.69,42%,3.80,61%,3.00,34%,91%,0.0,http://www.ufcstats.com/fighter-details/98b80a717b9bda17
Matty Iann,Matty,Iann,Ironside,--,135 lbs.,--,,"Oct 26, 2000",4,0,0,,0.00,0%,0.00,0%,0.00,0%,0%,0.0,http://www.ufcstats.com/fighter-details/031c06c8210e357c
Al Iaquinta,Al,Iaquinta,Raging,"5' 10""",155 lbs.,"70.0""",Orthodox,"Apr 30, 1987",14,7,1,,4.06,40%,4.53,61%,0.63,18%,74%,0.2,http://www.ufcstats.com/fighter-details/59279a7c978f7da0
Khadis Ibragimov,Khadis,Ibragimov,,"6' 3""",205 lbs.,"78.0""",Orthodox,"May 21, 1995",8,4,0,,3.55,49%,4.26,47%,0.97,30%,80%,0.3,http://www.ufcstats.com/fighter-details/c3218c810959d279
Minoki Ichihara,Minoki,Ichihara,,"5' 7""",178 lbs.,--,Orthodox,"Jun 30, 1968",0,1,0,,0.00,0%,0.00,0%,0.00,0%,0%,0.0,http://www.ufcstats.com/fighter-details/4565d435005319c0
Alibi Idiris,Alibi,Idiris,,"5' 6""",125 lbs.,"68.0""",Orthodox,"Oct 22, 1994",12,1,0,,2.51,44%,2.64,60%,3.25,31%,66%,0.0,http://www.ufcstats.com/fighter-details/30cad5a751adcb48
Dan Ige,Dan,Ige,100K,"5' 7""",145 lbs.,"71.0""",Orthodox,"Aug 06, 1991",19,11,0,,3.60,45%,3.56,56%,0.93,26%,56%,0.2,http://www.ufcstats.com/fighter-details/82a5152216251682
Valeri Ignatov,Valeri,Ignatov,,"5' 9""",170 lbs.,--,Orthodox,--,1,2,0,,0.00,0%,0.00,0%,0.00,0%,0%,0.0,http://www.ufcstats.com/fighter-details/7b6ce3a9460565b5
Sergey Ignatov,Sergey,Ignatov,,"5' 9""",210 lbs.,--,Orthodox,"Oct 13, 1971",0,1,0,,0.35,50%,3.25,42%,0.00,0%,0%,0.0,http://www.ufcstats.com/fighter-details/df9e9c1f65805d29
Fabiano Iha,Fabiano,Iha,,"5' 8""",155 lbs.,--,Orthodox,"Jul 28, 1970",9,5,0,,1.73,47%,2.49,42%,2.88,40%,50%,2.9,http://www.ufcstats.com/fighter-details/263ebd4a669e1e98
Seichi Ikemoto,Seichi,Ikemoto,,"5' 11""",168 lbs.,--,Orthodox,"Aug 24, 1975",21,19,5,,2.59,32%,3.74,57%,1.23,26%,60%,0.0,http://www.ufcstats.com/fighter-details/81f38d1640c4e70d
Mikhail Iloukhine,Mikhail,Iloukhine,,"5' 9""",205 lbs.,--,Orthodox,"Nov 21, 1966",30,11,1,,0.16,20%,2.95,26%,0.00,0%,0%,7.0,http://www.ufcstats.com/fighter-details/b71667c778b6d9e5
Zelim Imadaev,Zelim,Imadaev,,"6' 0""",170 lbs.,"76.0""",Orthodox,"Jan 25, 1995",8,3,0,,2.91,36%,4.35,43%,0.38,50%,60%,0.0,http://www.ufcstats.com/fighter-details/7f0f171414d0a287
Yusuke Imamura,Yusuke,Imamura,,"5' 8""",220 lbs.,--,Orthodox,"Aug 08, 1976",2,6,0,,0.18,50%,1.83,52%,2.75,50%,0%,0.0,http://www.ufcstats.com/fighter-details/2ce6541127b0e232
Masakazu Imanari,Masakazu,Imanari,,"5' 4""",139 lbs.,--,Southpaw,"Feb 10, 1976",36,16,2,,0.55,30%,1.74,57%,0.00,0%,0%,2.1,http://www.ufcstats.com/fighter-details/a4dd5c9a75763295
Nassourdine Imavov,Nassourdine,Imavov,The Sniper,"6' 3""",185 lbs.,"75.0""",Orthodox,"Mar 01, 1996",17,4,0,,4.28,54%,3.17,58%,0.74,32%,81%,1.0,http://www.ufcstats.com/fighter-details/881bf86d4cba8578
Brad Imes,Brad,Imes,Hillbilly Heartthrob,"6' 7""",265 lbs.,--,Orthodox,"Mar 13, 1977",13,7,0,,2.73,31%,4.24,49%,1.72,71%,0%,1.0,http://www.ufcstats.com/fighter-details/4908c5ee68a50ee5
Michael Imperato,Michael,Imperato,,"5' 7""",135 lbs.,"66.0""",Switch,"Sep 01, 1989",12,7,0,,1.93,48%,2.67,60%,1.00,12%,0%,1.0,http://www.ufcstats.com/fighter-details/59e52d56bab2b1ee
Rui Imura,Rui,Imura,,"5' 10""",135 lbs.,"69.0""",Southpaw,"Mar 24, 1999",12,5,0,,1.65,33%,4.19,33%,1.65,20%,0%,0.0,http://www.ufcstats.com/fighter-details/bb56173e2275e622
Chris Indich,Chris,Indich,,"5' 10""",170 lbs.,--,,"Apr 22, 1987",6,4,0,,1.31,30%,4.32,43%,0.75,50%,50%,1.5,http://www.ufcstats.com/fighter-details/d5b7fac960e58920
Chris Inman,Chris,Inman,,--,--,--,,--,1,0,0,,0.00,0%,0.00,0%,0.00,0%,0%,0.0,http://www.ufcstats.com/fighter-details/f0a381ba65d2a933
Guto Inocente,Guto,Inocente,,"6' 3""",205 lbs.,--,Orthodox,"May 29, 1986",7,4,0,,4.13,66%,2.92,54%,0.67,33%,66%,0.7,http://www.ufcstats.com/fighter-details/e7fe5315b1efeb92
Enson Inoue,Enson,Inoue,Yamato Damashii,"5' 10""",210 lbs.,--,Orthodox,"Apr 15, 1967",12,8,0,,1.70,63%,1.88,30%,0.00,0%,33%,0.0,http://www.ufcstats.com/fighter-details/0cf935519d439ba6
Egan Inoue,Egan,Inoue,,"5' 9""",190 lbs.,--,Southpaw,"Jul 04, 1965",13,8,0,,1.66,36%,3.31,57%,0.00,0%,0%,0.0,http://www.ufcstats.com/fighter-details/37a6c95201592fea
Katsuya Inoue,Katsuya,Inoue,,"5' 9""",168 lbs.,--,Southpaw,"Aug 10, 1979",19,9,4,,3.41,24%,12.89,51%,0.00,0%,66%,0.0,http://www.ufcstats.com/fighter-details/b5882371e2a3900d
Takeshi Inoue,Takeshi,Inoue,Lion,"5' 8""",145 lbs.,--,,"Mar 18, 1980",23,10,0,,2.54,44%,3.32,61%,0.00,0%,47%,0.0,http://www.ufcstats.com/fighter-details/a61a0cd2829e5d4e
Yves Jabouin,Yves,Jabouin,Tiger,"5' 7""",135 lbs.,"68.0""",Orthodox,"May 30, 1979",20,11,0,,3.06,41%,2.93,62%,1.94,60%,82%,0.1,http://www.ufcstats.com/fighter-details/b4eeac608fc82f88
Kevin Jackson,Kevin,Jackson,,"5' 10""",199 lbs.,--,Switch,"Nov 25, 1964",4,2,0,,0.00,0%,0.00,0%,0.00,0%,0%,0.0,http://www.ufcstats.com/fighter-details/13b2f59210dda9cc
Eugene Jackson,Eugene,Jackson,The Wolf,"5' 8""",185 lbs.,--,Orthodox,"Sep 23, 1966",15,9,1,,2.19,33%,3.44,32%,1.91,71%,16%,2.3,http://www.ufcstats.com/fighter-details/ce783bf73b5131f9
Quinton Jackson,Quinton,Jackson,Rampage,"6' 1""",205 lbs.,"73.0""",Orthodox,"Jun 20, 1978",37,12,0,,3.25,54%,2.51,55%,1.52,56%,73%,0.1,http://www.ufcstats.com/fighter-details/ffc088e64fab57e9
Jeremy Jackson,Jeremy,Jackson,Scorpion,"5' 10""",170 lbs.,--,Orthodox,"Sep 19, 1982",9,5,0,,0.71,27%,2.03,25%,1.52,40%,58%,0.0,http://www.ufcstats.com/fighter-details/ad32471f01e7b1a5
Damon Jackson,Damon,Jackson,The Leech,"5' 11""",155 lbs.,"71.0""",Switch,"Aug 08, 1988",23,8,1,,2.96,42%,3.47,49%,2.30,32%,37%,1.2,http://www.ufcstats.com/fighter-details/29af297d9f1de0f8
Kenyon Jackson,Kenyon,Jackson,,"6' 0""",185 lbs.,--,,--,4,3,0,,0.00,0%,0.00,0%,0.00,0%,0%,0.0,http://www.ufcstats.com/fighter-details/56c5132870a526d5
Mike Jackson,Mike,Jackson,The Truth,"6' 2""",170 lbs.,"74.0""",Orthodox,"Mar 22, 1985",1,2,0,,4.49,57%,3.73,62%,0.71,33%,88%,0.0,http://www.ufcstats.com/fighter-details/0641c21bec209472
Jason Jackson,Jason,Jackson,Jah-Son,"6' 1""",170 lbs.,"78.0""",Orthodox,"Oct 30, 1990",7,2,0,,2.24,48%,1.31,56%,0.00,0%,0%,0.0,http://www.ufcstats.com/fighter-details/ca8da445dfa82d56
Montel Jackson,Montel,Jackson,Quik,"5' 10""",135 lbs.,"75.0""",Southpaw,"Apr 24, 1992",15,3,0,,3.09,52%,1.40,61%,3.00,63%,67%,0.3,http://www.ufcstats.com/fighter-details/cc1a8b4b38b92c6d
Eric Jacob,Eric,Jacob,,--,155 lbs.,--,,--,1,9,0,,0.00,0%,0.00,0%,0.00,0%,0%,0.0,http://www.ufcstats.com/fighter-details/ba17afef01ed78b6
Richard Jacobi,Richard,Jacobi,,"6' 4""",260 lbs.,"75.0""",Orthodox,"Sep 28, 1993",6,1,1,,0.88,44%,3.94,51%,3.28,100%,100%,0.0,http://www.ufcstats.com/fighter-details/46f557bd44da630e
Dustin Jacoby,Dustin,Jacoby,The Hanyak,"6' 3""",205 lbs.,"76.0""",Orthodox,"Apr 04, 1988",22,9,1,,5.40,48%,3.92,57%,0.32,25%,62%,0.0,http://www.ufcstats.com/fighter-details/e4277e87a789d687
Justin James,Justin,James,,"5' 10""",155 lbs.,--,Orthodox,"Nov 08, 1976",13,7,0,,1.34,36%,2.68,50%,0.00,0%,50%,1.6,http://www.ufcstats.com/fighter-details/1ea8df62b3f8fea6
Nate James,Nate,James,,"6' 0""",185 lbs.,--,,"May 29, 1978",14,8,1,,1.33,42%,2.67,28%,0.00,0%,44%,0.0,http://www.ufcstats.com/fighter-details/a34fecf2f4e5a317
Virna Jandiroba,Virna,Jandiroba,Carcara,"5' 3""",115 lbs.,"64.0""",Orthodox,"May 30, 1988",22,4,0,,2.33,41%,2.90,55%,2.85,37%,74%,1.5,http://www.ufcstats.com/fighter-details/7dda2cf308f24a02
Ryan Janes,Ryan,Janes,,"6' 3""",185 lbs.,"76.0""",Orthodox,"Aug 22, 1981",10,3,0,,7.69,48%,5.53,59%,0.35,100%,58%,0.0,http://www.ufcstats.com/fighter-details/b59037262c8fe060
YunSeong Jang,YunSeong,Jang,,"6' 0""",170 lbs.,"72.0""",Orthodox,"Nov 04, 2002",7,2,0,,2.53,41%,4.13,51%,2.00,50%,90%,0.0,http://www.ufcstats.com/fighter-details/c7b0081edfef4bc7
Josh Janousek,Josh,Janousek,,"5' 11""",185 lbs.,--,Orthodox,"Sep 25, 1980",8,1,0,,0.00,0%,0.00,0%,0.00,0%,0%,0.0,http://www.ufcstats.com/fighter-details/8f7380fb0916dc77
Dave Jansen,Dave,Jansen,,"5' 9""",155 lbs.,"73.0""",Orthodox,"Aug 21, 1979",20,4,0,,2.94,33%,3.67,58%,2.79,28%,38%,0.9,http://www.ufcstats.com/fighter-details/335ad945324c3a2e
Jaime Jara,Jaime,Jara,El Cucui,"6' 1""",205 lbs.,--,Southpaw,"Aug 02, 1969",38,18,0,,2.20,60%,1.47,56%,0.00,0%,25%,0.0,http://www.ufcstats.com/fighter-details/805ad1801eb26abb
Gigo Jara,Gigo,Jara,The Little Animal,"5' 9""",145 lbs.,--,,--,6,9,0,,2.26,57%,2.71,51%,0.00,0%,66%,0.0,http://www.ufcstats.com/fighter-details/99d5cf1eda8b25c1
Keith Jardine,Keith,Jardine,The Dean of Mean,"6' 2""",185 lbs.,"76.0""",Orthodox,"Oct 31, 1975",17,11,2,,3.25,36%,2.98,59%,1.18,45%,62%,0.7,http://www.ufcstats.com/fighter-details/b9d0fd83bb8a147a
Brock Jardine,Brock,Jardine,The Machine,"5' 11""",170 lbs.,--,Orthodox,"Jul 10, 1985",12,6,0,,1.06,30%,3.34,56%,0.00,0%,14%,0.8,http://www.ufcstats.com/fighter-details/64959f90b6dd9759
Josh Jarvis,Josh,Jarvis,,--,--,--,,--,1,4,0,,0.00,0%,0.00,0%,0.00,0%,0%,0.0,http://www.ufcstats.com/fighter-details/32e8e0e8498f03c2
Patrick Kaase,Patrick,Kaase,Kamikaze,"5' 9""",185 lbs.,--,,--,1,2,0,,4.40,67%,0.53,50%,0.00,0%,50%,0.0,http://www.ufcstats.com/fighter-details/b180f05acb24d430
Emily Kagan,Emily,Kagan,,"5' 3""",115 lbs.,--,,"Jul 14, 1981",3,3,0,,2.60,36%,5.29,38%,1.86,14%,50%,0.0,http://www.ufcstats.com/fighter-details/c1ea9d56cd953586
Oron Kahlon,Oron,Kahlon,,"5' 8""",135 lbs.,"70.0""",Orthodox,"Nov 04, 1984",16,1,0,,0.85,37%,4.93,36%,0.00,0%,40%,0.0,http://www.ufcstats.com/fighter-details/00a35c92b03992b0
Kaiwen,,Kaiwen,The Underdog,"5' 8""",145 lbs.,"71.0""",Switch,"Oct 16, 1995",15,7,0,,3.73,42%,4.72,54%,1.41,26%,92%,0.0,http://www.ufcstats.com/fighter-details/0565706b1e7f7e7c
Sirwan Kakai,Sirwan,Kakai,Zohan,"5' 5""",135 lbs.,--,Orthodox,"Oct 03, 1989",12,5,0,,3.57,41%,4.63,62%,4.00,42%,83%,0.0,http://www.ufcstats.com/fighter-details/2525a853486ee670
Saidyokub Kakhramonov,Saidyokub,Kakhramonov,,"5' 8""",135 lbs.,"69.0""",Orthodox,"Nov 14, 1995",10,3,0,,2.05,51%,0.88,58%,6.63,48%,83%,1.9,http://www.ufcstats.com/fighter-details/50a28b9f8314e008
Geza Kalman,Geza,Kalman,,"6' 1""",200 lbs.,--,,--,4,9,0,,0.00,0%,0.00,0%,0.00,0%,0%,0.0,http://www.ufcstats.com/fighter-details/304fcd812f12c589
Bryson Kamaka,Bryson,Kamaka,,"5' 11""",170 lbs.,--,Orthodox,--,12,20,1,,9.47,60%,12.63,0%,0.00,0%,100%,0.0,http://www.ufcstats.com/fighter-details/9336e86cfd4ceaa1
Kai Kamaka,Kai,Kamaka,The Fighting Hawaiian,"5' 7""",145 lbs.,"69.0""",Orthodox,"Jan 05, 1995",8,4,1,,4.96,57%,5.29,55%,1.93,58%,52%,0.3,http://www.ufcstats.com/fighter-details/eee0ef3e2b14816b
Shah Kamali,Shah,Kamali,,--,265 lbs.,--,,"Oct 25, 1998",4,0,0,,0.00,0%,0.00,0%,0.00,0%,0%,0.0,http://www.ufcstats.com/fighter-details/a46ab6c64d321c2d
Shuya Kamikubo,Shuya,Kamikubo,Stealth,"5' 5""",135 lbs.,"68.0""",Switch,"Apr 12, 1993",13,2,1,,3.83,54%,4.90,47%,1.50,15%,0%,0.5,http://www.ufcstats.com/fighter-details/a46fa1c7972548d0
Daichi Kamiya,Daichi,Kamiya,,"5' 8""",155 lbs.,"68.0""",Southpaw,"Apr 19, 1999",6,1,0,,1.69,53%,4.50,35%,5.07,27%,100%,0.0,http://www.ufcstats.com/fighter-details/a497e228cce8a64f
Martin Kampmann,Martin,Kampmann,The Hitman,"6' 0""",170 lbs.,"72.0""",Orthodox,"Apr 17, 1982",20,7,0,,3.22,42%,3.28,62%,1.86,41%,78%,2.0,http://www.ufcstats.com/fighter-details/8b69839f3555a67b
Koya Kanda,Koya,Kanda,Bushido,"5' 9""",145 lbs.,"75.0""",Southpaw,"Dec 20, 1995",12,5,0,,3.63,41%,2.90,53%,2.00,18%,100%,0.0,http://www.ufcstats.com/fighter-details/b42d3a1469dab722
Bharat Kandare,Bharat,Kandare,Daring,"5' 7""",135 lbs.,"72.0""",Orthodox,"Jun 20, 1987",5,3,0,,0.70,10%,1.88,72%,0.00,0%,0%,0.0,http://www.ufcstats.com/fighter-details/efd2b3e9bb7965a4
Hiromitsu Kanehara,Hiromitsu,Kanehara,,"5' 10""",200 lbs.,--,Orthodox,"Oct 05, 1970",19,27,5,,0.76,22%,4.39,40%,0.00,0%,40%,0.4,http://www.ufcstats.com/fighter-details/eda579d906cf0ca2
Masanori Kanehara,Masanori,Kanehara,,"5' 7""",135 lbs.,"67.0""",Orthodox,"Nov 19, 1982",26,12,5,,1.88,49%,1.63,62%,1.44,50%,63%,0.9,http://www.ufcstats.com/fighter-details/f3a078277b3b8ff4
Ken Kaneko,Ken,Kaneko,,"6' 0""",161 lbs.,--,Orthodox,"Oct 19, 1976",0,3,0,,0.00,0%,0.94,42%,0.00,0%,0%,3.5,http://www.ufcstats.com/fighter-details/5345f86680378fc1
Denis Kang,Denis,Kang,,"5' 11""",185 lbs.,"77.0""",Orthodox,"Sep 17, 1977",35,16,2,,2.27,35%,1.65,67%,2.51,65%,38%,1.2,http://www.ufcstats.com/fighter-details/3c241737a6069b9f
Kyung Ho Kang,Kyung Ho,Kang,Mr. Perfect,"5' 9""",135 lbs.,"73.0""",Orthodox,"Sep 09, 1987",19,11,0,,3.13,47%,3.32,54%,1.97,50%,68%,0.8,http://www.ufcstats.com/fighter-details/a7897d200692ab64
Manel Kape,Manel,Kape,StarBoy,"5' 5""",125 lbs.,"68.0""",Southpaw,"Nov 14, 1993",22,7,0,,5.04,56%,4.08,57%,0.40,30%,81%,0.3,http://www.ufcstats.com/fighter-details/5d1b7e3dd9e11074
David Kaplan,David,Kaplan,Diamond,"5' 7""",155 lbs.,--,Orthodox,"Nov 16, 1979",3,4,0,,2.88,46%,4.32,67%,4.88,43%,0%,0.7,http://www.ufcstats.com/fighter-details/5669b828e7e11329
Kai Kara-France,Kai,Kara-France,Don't Blink,"5' 4""",125 lbs.,"69.0""",Orthodox,"Mar 26, 1993",25,12,0,,4.46,40%,3.24,64%,0.56,30%,83%,0.0,http://www.ufcstats.com/fighter-details/853eb0dd5c0e2149
Georgi Karakhanyan,Georgi,Karakhanyan,Insane,"5' 8""",145 lbs.,--,,"May 29, 1985",26,7,1,,4.49,39%,5.00,54%,1.41,50%,33%,1.9,http://www.ufcstats.com/fighter-details/43292ecf0e72c143
Alex Karalexis,Alex,Karalexis,The Assassin,"5' 8""",155 lbs.,"66.0""",Orthodox,"Sep 20, 1977",10,6,0,,2.57,42%,2.39,54%,2.70,45%,86%,0.9,http://www.ufcstats.com/fighter-details/e361e5c858af6ff1
Achmed Labasanov,Achmed,Labasanov,,"6' 3""",215 lbs.,--,Orthodox,"Apr 24, 1978",7,4,0,,0.75,39%,1.10,46%,3.00,100%,0%,0.8,http://www.ufcstats.com/fighter-details/b3fb8d2293e17a59
Josh LaBerge,Josh,LaBerge,,"5' 10""",145 lbs.,--,,--,11,6,0,,2.53,36%,5.33,44%,0.00,0%,71%,0.0,http://www.ufcstats.com/fighter-details/5108b169b5fe1f86
Jeremiah Labiano,Jeremiah,Labiano,The Kid,"5' 10""",135 lbs.,--,,--,11,5,0,,0.00,0%,0.00,0%,0.00,0%,0%,0.0,http://www.ufcstats.com/fighter-details/4fe1d105af549845
Daniel Lacerda,Daniel,Lacerda,Miojo,"5' 6""",125 lbs.,"70.0""",Switch,"Jun 05, 1996",11,6,0,,3.95,45%,8.28,34%,2.32,50%,0%,1.2,http://www.ufcstats.com/fighter-details/31bb0772f21cabd8
Luan Lacerda,Luan,Lacerda,,"5' 7""",135 lbs.,"71.0""",Orthodox,"Jan 07, 1993",13,4,0,,4.06,42%,6.15,49%,2.82,39%,66%,0.6,http://www.ufcstats.com/fighter-details/6fc506e1099afe20
Kemran Lachinov,Kemran,Lachinov,,--,170 lbs.,--,,--,3,2,0,,0.00,0%,0.00,0%,0.00,0%,0%,0.0,http://www.ufcstats.com/fighter-details/eb84192d1a97f69e
Aspen Ladd,Aspen,Ladd,,"5' 6""",135 lbs.,"66.0""",Orthodox,"Mar 01, 1995",9,3,0,,3.78,47%,4.65,47%,1.56,47%,62%,0.6,http://www.ufcstats.com/fighter-details/d4691518d012b9e7
Ryan LaFlare,Ryan,LaFlare,,"6' 1""",170 lbs.,"74.0""",Southpaw,"Oct 01, 1983",14,3,0,,2.89,40%,1.86,63%,2.13,44%,58%,0.2,http://www.ufcstats.com/fighter-details/4c7781da8c6cae93
Corinne Laframboise,Corinne,Laframboise,,"5' 4""",125 lbs.,"65.0""",Orthodox,"May 25, 1989",8,5,0,,3.16,68%,1.89,47%,3.16,100%,33%,0.0,http://www.ufcstats.com/fighter-details/fbe9f4efc2153be2
Ben Lagman,Ben,Lagman,Bad News,"6' 2""",185 lbs.,--,,"Sep 04, 1986",6,5,0,,0.00,0%,0.00,0%,0.00,0%,0%,0.0,http://www.ufcstats.com/fighter-details/b40e65d71a8d4ce5
Noad Lahat,Noad,Lahat,Neo,"5' 9""",145 lbs.,"69.0""",Orthodox,"Jun 08, 1984",11,2,0,,2.79,46%,1.47,63%,2.37,26%,16%,2.4,http://www.ufcstats.com/fighter-details/9f755fb04cc21499
Tina Lahdemaki,Tina,Lahdemaki,Jelly Bean,"5' 2""",115 lbs.,--,Orthodox,"May 28, 1988",5,1,0,,1.93,20%,4.67,57%,0.00,0%,16%,0.0,http://www.ufcstats.com/fighter-details/e5ca2bc2451a5956
Yohan Lainesse,Yohan,Lainesse,White Lion,"6' 1""",170 lbs.,"76.0""",Orthodox,"Aug 14, 1992",9,3,0,,2.22,41%,3.38,58%,0.94,28%,72%,0.5,http://www.ufcstats.com/fighter-details/f998f5c102250d6e
Tim Lajcik,Tim,Lajcik,The Bohemian,"6' 1""",225 lbs.,--,Orthodox,"Jun 21, 1965",7,6,1,,0.00,0%,0.00,0%,0.00,0%,0%,0.0,http://www.ufcstats.com/fighter-details/c7e9d15cfce52f1d
Todd Lally,Todd,Lally,,"5' 7""",145 lbs.,--,Orthodox,--,2,1,0,,0.00,0%,0.00,0%,0.00,0%,0%,0.0,http://www.ufcstats.com/fighter-details/7d06092326c52528
Sean Lally,Sean,Lally,The Unpredictable One,"6' 0""",170 lbs.,--,Orthodox,"Nov 04, 1990",7,3,0,,5.34,39%,7.23,30%,0.00,0%,0%,0.0,http://www.ufcstats.com/fighter-details/e62ce041bb7aeb1f
Ricardo Lamas,Ricardo,Lamas,The Bully,"5' 8""",145 lbs.,"71.0""",Orthodox,"May 21, 1982",20,8,0,,3.13,47%,2.87,57%,1.84,33%,46%,0.9,http://www.ufcstats.com/fighter-details/3974fa35c917af1d
Jason Lambert,Jason,Lambert,The Punisher,"6' 3""",185 lbs.,"75.0""",Orthodox,"Jun 03, 1975",26,13,0,,3.21,58%,1.84,50%,1.35,36%,28%,2.4,http://www.ufcstats.com/fighter-details/5be86bb2f78fef2f
Jose Landi-Jons,Jose,Landi-Jons,Pele,"5' 11""",170 lbs.,--,Orthodox,"Sep 09, 1973",29,16,0,,0.99,40%,0.77,43%,2.20,80%,40%,2.2,http://www.ufcstats.com/fighter-details/7e062824c175f975
Nate Landwehr,Nate,Landwehr,The Train,"5' 9""",145 lbs.,"72.0""",Orthodox,"Jun 06, 1988",18,7,0,,5.63,45%,5.83,52%,0.76,41%,71%,0.8,http://www.ufcstats.com/fighter-details/583ee11abddfc581
Austen Lane,Austen,Lane,,"6' 6""",205 lbs.,"80.0""",Orthodox,"Nov 09, 1987",13,8,0,,2.70,50%,2.45,39%,1.50,28%,33%,0.0,http://www.ufcstats.com/fighter-details/be9bdec19b7e9ffe
Aaron Lanfranco,Aaron,Lanfranco,,--,155 lbs.,--,,"Aug 26, 1986",5,1,0,,0.00,0%,0.00,0%,0.00,0%,0%,0.0,http://www.ufcstats.com/fighter-details/d73e856f150744b2
Jeremy Lang,Jeremy,Lang,,"5' 11""",205 lbs.,--,Southpaw,"May 11, 1975",21,2,0,,1.13,50%,1.41,42%,4.22,60%,0%,4.2,http://www.ufcstats.com/fighter-details/09422812370fbdfe
Lionel Lanham,Lionel,Lanham,,--,205 lbs.,--,,"Aug 31, 1980",5,1,0,,0.00,0%,0.00,0%,0.00,0%,0%,0.0,http://www.ufcstats.com/fighter-details/b8980dd7e8fc5976
Lina Lansberg,Lina,Lansberg,Elbow Queen,"5' 7""",135 lbs.,"65.0""",Orthodox,"Mar 13, 1982",10,8,0,,2.69,55%,3.87,44%,0.52,27%,47%,0.1,http://www.ufcstats.com/fighter-details/2eeaefbfc7f9fcff
Dong Hyun Ma,Dong Hyun,Ma,Maestro,"5' 11""",155 lbs.,"70.0""",Orthodox,"Sep 09, 1988",16,11,3,,2.84,41%,4.10,54%,1.27,53%,33%,0.0,http://www.ufcstats.com/fighter-details/98a6b2361045898f
Pawan Maan,Pawan,Maan,,"5' 7""",155 lbs.,"70.0""",Orthodox,"Apr 06, 1986",7,3,1,,0.89,44%,2.98,43%,0.00,0%,0%,0.0,http://www.ufcstats.com/fighter-details/450bacdacd706bcd
William Macario,William,Macario,Patolino,"5' 11""",170 lbs.,"75.0""",Orthodox,"Jul 01, 1991",9,3,0,,4.92,54%,3.96,65%,1.85,45%,78%,0.0,http://www.ufcstats.com/fighter-details/ed74afc8b5b47a61
Jason MacDonald,Jason,MacDonald,The Athlete,"6' 3""",185 lbs.,"80.0""",Orthodox,"Jun 03, 1975",25,16,0,,1.55,52%,2.70,46%,1.43,16%,35%,2.0,http://www.ufcstats.com/fighter-details/2be6596a9db33bf5
Rob MacDonald,Rob,MacDonald,Maximus,"6' 3""",205 lbs.,"78.0""",Orthodox,"Sep 05, 1978",5,4,0,,1.80,50%,2.04,46%,7.19,80%,80%,5.4,http://www.ufcstats.com/fighter-details/f3388d2cf7ab3f64
Rory MacDonald,Rory,MacDonald,Red King,"6' 0""",170 lbs.,"76.0""",Orthodox,"Jul 22, 1989",19,4,0,,3.75,42%,2.80,62%,1.77,47%,88%,0.4,http://www.ufcstats.com/fighter-details/cbd5d3cdd862e90e
Ryan MacDonald,Ryan,MacDonald,Main Event,"5' 11""",135 lbs.,"71.0""",Switch,"Mar 18, 1993",10,2,0,,2.28,29%,6.49,45%,0.00,0%,0%,0.0,http://www.ufcstats.com/fighter-details/35e1f9984ed64206
Clayton MacFarlane,Clayton,MacFarlane,,--,170 lbs.,--,,--,4,1,0,,1.33,52%,1.82,55%,1.05,33%,37%,0.0,http://www.ufcstats.com/fighter-details/39831e62d12e7ad1
Ilima Macfarlane,Ilima,Macfarlane,,"5' 4""",125 lbs.,--,,--,6,0,0,,4.13,43%,2.93,65%,0.00,0%,50%,1.0,http://www.ufcstats.com/fighter-details/8cf90e41646491fd
Valesca Machado,Valesca,Machado,Tina Black,"5' 4""",115 lbs.,"63.0""",Orthodox,"May 06, 1996",8,3,0,,2.40,32%,2.87,64%,0.00,0%,76%,0.0,http://www.ufcstats.com/fighter-details/a1a91dbf41a029c4
Caio Machado,Caio,Machado,Bigfoot,"6' 4""",250 lbs.,"78.0""",Southpaw,"Jul 20, 1994",8,4,1,,5.82,53%,2.87,63%,0.00,0%,82%,0.0,http://www.ufcstats.com/fighter-details/89839250eb25c9c1
Ian Machado Garry,Ian,Machado Garry,The Future,"6' 3""",170 lbs.,"74.0""",Orthodox,"Nov 17, 1997",17,1,0,,4.78,54%,2.86,52%,0.92,31%,80%,0.4,http://www.ufcstats.com/fighter-details/442c9011034ae1fd
Lyoto Machida,Lyoto,Machida,The Dragon,"6' 1""",185 lbs.,"74.0""",Southpaw,"May 30, 1978",24,8,0,,2.59,53%,1.57,61%,1.21,65%,75%,0.4,http://www.ufcstats.com/fighter-details/f7a7f7118d4b01b6
War Machine,War,Machine,,"5' 11""",170 lbs.,--,Orthodox,"Nov 30, 1981",14,5,0,,2.32,60%,3.17,43%,1.16,50%,40%,0.0,http://www.ufcstats.com/fighter-details/cd7bafbeee1f29a0
Anthony Macias,Anthony,Macias,Mad Dog,"5' 9""",185 lbs.,--,Switch,"Feb 09, 1969",26,18,0,,0.00,0%,0.00,0%,0.00,0%,0%,0.0,http://www.ufcstats.com/fighter-details/dedc3bb440d09554
Pauline Macias,Pauline,Macias,PITA,"5' 4""",115 lbs.,"64.0""",Southpaw,"Jun 27, 1988",4,1,0,,0.80,29%,4.60,42%,2.00,18%,0%,0.0,http://www.ufcstats.com/fighter-details/e88b83dea18f5d31
Reza Madadi,Reza,Madadi,Mad Dog,"5' 11""",155 lbs.,"73.0""",Orthodox,"Jun 20, 1978",14,6,0,,2.51,46%,3.31,66%,3.17,33%,89%,0.5,http://www.ufcstats.com/fighter-details/e25bcbcdaf6537a1
Don Madge,Don,Madge,Magic Man,"6' 0""",155 lbs.,"72.0""",Southpaw,"Nov 12, 1990",9,3,1,,2.08,52%,0.74,67%,2.22,25%,80%,0.7,http://www.ufcstats.com/fighter-details/68c7ad953455c73f
Ryan Madigan,Ryan,Madigan,,"6' 0""",170 lbs.,--,Orthodox,--,5,3,0,,0.00,0%,3.35,47%,0.00,0%,0%,0.0,http://www.ufcstats.com/fighter-details/a8d521d913df4e31
Victor Madrigal,Victor,Madrigal,Periquito,"5' 7""",135 lbs.,"71.0""",Orthodox,"Aug 16, 1990",15,5,0,,2.31,38%,9.56,50%,0.00,0%,0%,0.0,http://www.ufcstats.com/fighter-details/cc63a5f0089d8ba9
Jon Madsen,Jon,Madsen,,"6' 0""",240 lbs.,"72.0""",Orthodox,"Feb 12, 1980",8,2,0,,2.46,41%,1.18,81%,1.32,71%,70%,0.0,http://www.ufcstats.com/fighter-details/7691a80e6ca3e55b
Mark Madsen,Mark,Madsen,The Olympian,"5' 8""",155 lbs.,"72.0""",Orthodox,"Sep 23, 1984",12,2,0,,3.56,49%,3.97,52%,2.86,66%,62%,0.0,http://www.ufcstats.com/fighter-details/da0995f19b749cfa
Yoshiro Maeda,Yoshiro,Maeda,,"5' 7""",139 lbs.,"68.0""",Southpaw,"Oct 31, 1981",35,16,5,,2.36,33%,2.55,63%,2.93,51%,50%,0.7,http://www.ufcstats.com/fighter-details/a4bf17bd3ba3423b
Leonardo Mafra,Leonardo,Mafra,Macarrao,"5' 10""",155 lbs.,"70.0""",Orthodox,"Apr 25, 1989",13,4,0,,4.55,48%,4.38,43%,2.12,83%,69%,0.4,http://www.ufcstats.com/fighter-details/8bbc0cfc01bc1ba1
Vinny Magalhaes,Vinny,Magalhaes,Pezao,"6' 3""",205 lbs.,"75.0""",Orthodox,"Jul 02, 1984",14,9,0,,2.14,24%,3.97,68%,1.55,44%,66%,0.8,http://www.ufcstats.com/fighter-details/88a9bc81271ccd89
Katsuhiko Nagata,Katsuhiko,Nagata,,"5' 7""",154 lbs.,--,Southpaw,"Oct 31, 1973",6,7,3,,1.05,19%,1.50,63%,0.98,28%,28%,0.0,http://www.ufcstats.com/fighter-details/d5ae8074631762fc
Yuji Nagata,Yuji,Nagata,,"6' 0""",225 lbs.,--,Orthodox,"Apr 24, 1968",0,2,0,,1.45,40%,14.46,4%,0.00,0%,0%,0.0,http://www.ufcstats.com/fighter-details/e49c2db95e572dc8
Greg Nagy,Greg,Nagy,,"6' 1""",210 lbs.,--,Orthodox,"Oct 18, 1983",1,3,0,,0.41,50%,2.69,37%,0.00,0%,0%,1.2,http://www.ufcstats.com/fighter-details/342422bb6ced1e8d
Logan Nail,Logan,Nail,,--,185 lbs.,--,,"Jun 20, 1989",1,1,0,,1.93,51%,2.27,39%,0.00,0%,37%,0.0,http://www.ufcstats.com/fighter-details/47e0b5833e6bc91a
Muhammad Naimov,Muhammad,Naimov,Hillman,"5' 9""",145 lbs.,"70.0""",Orthodox,"Aug 07, 1994",13,4,0,,2.51,40%,3.35,44%,1.49,30%,68%,0.2,http://www.ufcstats.com/fighter-details/8d11d9c13e2ccdf7
Yukiya Naito,Yukiya,Naito,,"6' 1""",205 lbs.,--,Orthodox,"Feb 28, 1977",15,6,2,,1.54,33%,5.13,60%,0.00,0%,0%,0.0,http://www.ufcstats.com/fighter-details/7be328bb3c2ea22e
Yura Naito,Yura,Naito,2 FACE,"6' 0""",185 lbs.,"74.0""",Orthodox,"Apr 26, 1996",6,1,0,,1.22,44%,5.33,28%,1.67,9%,0%,0.0,http://www.ufcstats.com/fighter-details/50c469e0cb73be10
Andrews Nakahara,Andrews,Nakahara,,"6' 1""",185 lbs.,--,Orthodox,"Mar 12, 1983",5,4,2,,2.68,44%,1.90,57%,0.00,0%,72%,0.4,http://www.ufcstats.com/fighter-details/7a9ca95a92d7b64c
Rin Nakai,Rin,Nakai,,"5' 1""",135 lbs.,--,Orthodox,"Oct 22, 1986",19,2,1,,1.57,33%,3.90,60%,3.00,18%,75%,0.5,http://www.ufcstats.com/fighter-details/f9ae6914f604aa9f
Kazuhiro Nakamura,Kazuhiro,Nakamura,Kaz,"5' 11""",205 lbs.,"70.0""",Orthodox,"Jul 16, 1979",21,13,0,,1.56,37%,1.83,59%,1.73,36%,42%,0.6,http://www.ufcstats.com/fighter-details/b034747dc1d15491
Keita Nakamura,Keita,Nakamura,K-Taro,"5' 11""",170 lbs.,"73.0""",Southpaw,"May 22, 1984",34,10,2,,2.23,36%,3.20,58%,1.65,48%,63%,0.3,http://www.ufcstats.com/fighter-details/65ddc8a9ac4e8531
Daisuke Nakamura,Daisuke,Nakamura,,"5' 7""",154 lbs.,--,Orthodox,"Jun 10, 1980",28,19,1,,0.94,30%,1.38,61%,0.46,40%,30%,3.6,http://www.ufcstats.com/fighter-details/a196332ee4aa8a82
Yusaku Nakamura,Yusaku,Nakamura,,"5' 5""",145 lbs.,--,,"Jun 21, 1986",14,4,1,,1.72,45%,3.67,55%,0.00,0%,83%,0.0,http://www.ufcstats.com/fighter-details/03e8df49c4a059ba
Rinya Nakamura,Rinya,Nakamura,Hybred,"5' 7""",135 lbs.,"68.0""",Southpaw,"Mar 23, 1995",10,1,0,,3.27,52%,1.72,63%,2.58,81%,100%,1.4,http://www.ufcstats.com/fighter-details/d8c811df0386d5e8
Keiichiro Nakamura,Keiichiro,Nakamura,,"5' 10""",145 lbs.,"70.0""",Southpaw,"Dec 02, 1998",8,1,0,,4.48,41%,4.28,63%,0.00,0%,78%,0.0,http://www.ufcstats.com/fighter-details/3618e0632ecdba9c
Tokitaka Nakanishi,Tokitaka,Nakanishi,Toky,"5' 6""",135 lbs.,"66.0""",Orthodox,"Jul 28, 1996",12,4,0,,1.10,44%,1.57,45%,3.00,37%,0%,0.0,http://www.ufcstats.com/fighter-details/eb9446a4f44e19cf
Jutaro Nakao,Jutaro,Nakao,,"5' 9""",170 lbs.,--,Southpaw,"Nov 30, 1970",25,19,4,,0.53,38%,1.06,44%,0.38,50%,56%,0.0,http://www.ufcstats.com/fighter-details/95eb112a85601a0a
Yoshihiro Nakao,Yoshihiro,Nakao,Kiss,"6' 0""",220 lbs.,--,Southpaw,"Jun 25, 1972",9,3,0,,1.73,35%,2.06,64%,2.69,46%,0%,0.5,http://www.ufcstats.com/fighter-details/e18012194473e8b0
Mandel Nallo,Mandel,Nallo,Mango,"6' 0""",155 lbs.,"75.0""",Orthodox,"Jul 26, 1989",14,3,0,,8.61,62%,2.58,72%,0.00,0%,100%,0.0,http://www.ufcstats.com/fighter-details/8f4528c10bd34fab
Yui Chul Nam,Yui Chul,Nam,The Korean Bulldozer,"5' 9""",145 lbs.,--,Orthodox,"Jul 16, 1981",18,8,1,,3.53,51%,2.00,48%,1.33,16%,57%,0.3,http://www.ufcstats.com/fighter-details/a00ec21cfbba17b6
Tyson Nam,Tyson,Nam,,"5' 7""",125 lbs.,"68.0""",Orthodox,"Oct 06, 1983",21,14,1,,3.87,33%,4.97,65%,0.00,0%,87%,0.0,http://www.ufcstats.com/fighter-details/6e00cfffd54653c4
Rose Namajunas,Rose,Namajunas,Thug,"5' 5""",125 lbs.,"65.0""",Orthodox,"Jun 29, 1992",15,8,0,,3.50,41%,3.38,63%,1.47,48%,62%,0.3,http://www.ufcstats.com/fighter-details/47b63240018d5d86
Yasuhito Namekawa,Yasuhito,Namekawa,,"5' 9""",205 lbs.,--,Orthodox,"Oct 27, 1974",25,16,4,,0.14,50%,3.65,38%,2.11,25%,0%,4.2,http://www.ufcstats.com/fighter-details/6083f497c22cc075
Nad Narimani,Nad,Narimani,Smiler,"5' 8""",145 lbs.,"70.0""",Orthodox,"Apr 14, 1987",12,4,0,,3.33,42%,3.00,58%,1.92,41%,70%,0.0,http://www.ufcstats.com/fighter-details/776a58a67665a171
Roger Narvaez,Roger,Narvaez,Silverback,"6' 3""",185 lbs.,--,Southpaw,"Sep 09, 1983",8,3,0,,2.12,37%,3.32,64%,0.00,0%,50%,0.9,http://www.ufcstats.com/fighter-details/3a12a2f096a6d975
Jake O'Brien,Jake,O'Brien,Irish,"6' 3""",205 lbs.,"76.0""",Orthodox,"Sep 25, 1984",15,4,0,,1.31,31%,1.92,69%,6.39,54%,25%,0.2,http://www.ufcstats.com/fighter-details/20bcc9966affb19c
TJ O'Brien,TJ,O'Brien,The Spider,"6' 2""",155 lbs.,--,Orthodox,"Jan 01, 1987",20,8,0,,3.77,46%,4.78,57%,0.94,100%,0%,0.0,http://www.ufcstats.com/fighter-details/d25b93992f285953
Sean O'Connell,Sean,O'Connell,The Real OC,"6' 1""",205 lbs.,"74.0""",Orthodox,"Sep 02, 1983",17,9,0,,5.46,48%,6.77,45%,0.00,0%,30%,0.5,http://www.ufcstats.com/fighter-details/cb52f9490c2dc069
Dan O'Connor,Dan,O'Connor,Johnny Irish,"5' 4""",115 lbs.,--,,"Nov 17, 1982",6,6,0,,4.00,56%,5.10,54%,0.00,0%,100%,0.0,http://www.ufcstats.com/fighter-details/69ea0119f6f0dfe0
Sean O'Haire,Sean,O'Haire,,"6' 5""",270 lbs.,--,Orthodox,"Feb 25, 1971",4,2,0,,8.28,57%,22.76,21%,0.00,0%,0%,0.0,http://www.ufcstats.com/fighter-details/46effbd1135423c5
Sean O'Malley,Sean,O'Malley,Suga,"5' 11""",135 lbs.,"72.0""",Switch,"Oct 24, 1994",19,3,0,,6.05,60%,3.40,60%,0.24,42%,60%,0.2,http://www.ufcstats.com/fighter-details/b50a426a33da0012
Jeremiah O'Neal,Jeremiah,O'Neal,,"5' 8""",260 lbs.,--,,"Oct 25, 1977",13,25,0,,1.15,40%,7.50,23%,0.00,0%,0%,0.0,http://www.ufcstats.com/fighter-details/338fda4ec7034c5d
Chuck O'Neil,Chuck,O'Neil,Cold Steel,"6' 2""",170 lbs.,--,,"Sep 22, 1985",17,9,0,,3.13,37%,4.40,72%,0.00,0%,0%,0.0,http://www.ufcstats.com/fighter-details/56bc9ccb609df534
Casey O'Neill,Casey,O'Neill,King,"5' 6""",125 lbs.,"69.0""",Orthodox,"Oct 07, 1997",10,2,0,,7.89,52%,5.65,57%,1.45,34%,70%,0.7,http://www.ufcstats.com/fighter-details/04835018f90b118c
Brendan O'Reilly,Brendan,O'Reilly,Badger,"5' 7""",170 lbs.,"69.0""",Orthodox,"Jun 24, 1987",6,3,0,,1.90,47%,2.77,39%,2.22,43%,36%,0.6,http://www.ufcstats.com/fighter-details/494b0bfdbac74502
Takahiro Oba,Takahiro,Oba,,"5' 8""",200 lbs.,--,Southpaw,"Aug 14, 1976",5,7,1,,0.23,25%,1.82,69%,0.00,0%,0%,0.0,http://www.ufcstats.com/fighter-details/7139cd2ae4bf6a29
Nobuhiro Obiya,Nobuhiro,Obiya,,"5' 8""",145 lbs.,--,Orthodox,"Jan 15, 1981",12,5,1,,0.63,28%,2.53,55%,0.50,50%,41%,0.5,http://www.ufcstats.com/fighter-details/6e3282d57d2467a0
Jose Ochoa,Jose,Ochoa,Kalzifer,"5' 7""",125 lbs.,"67.0""",Southpaw,"Dec 31, 2000",8,2,0,,3.01,37%,2.33,60%,0.43,50%,59%,1.3,http://www.ufcstats.com/fighter-details/88be62d6c1e6dadb
Christian Ocon,Christian,Ocon,,"5' 8""",135 lbs.,"69.0""",Orthodox,"Feb 05, 1996",2,1,0,,1.73,53%,5.27,34%,0.00,0%,63%,0.0,http://www.ufcstats.com/fighter-details/2d6d6ffe5a446ea2
Kaito Oda,Kaito,Oda,,--,125 lbs.,--,,"Feb 13, 1998",8,2,0,,0.00,0%,0.00,0%,0.00,0%,0%,0.0,http://www.ufcstats.com/fighter-details/629bac37f70891fb
Richard Odoms,Richard,Odoms,The Black Eagle,"6' 5""",265 lbs.,--,Orthodox,"May 08, 1975",13,3,0,,0.00,0%,0.00,0%,0.00,0%,0%,0.0,http://www.ufcstats.com/fighter-details/f43907e75f8d9baa
Volkan Oezdemir,Volkan,Oezdemir,No Time,"6' 2""",205 lbs.,"75.0""",Orthodox,"Sep 19, 1989",21,8,0,,4.99,48%,4.19,55%,0.50,29%,80%,0.1,http://www.ufcstats.com/fighter-details/0845c81e37d3bcb3
Kaan Ofli,Kaan,Ofli,Genghis,"5' 7""",145 lbs.,"66.0""",Orthodox,"Jun 19, 1993",14,4,1,,2.33,45%,3.34,54%,0.38,7%,0%,0.4,http://www.ufcstats.com/fighter-details/7facc9c45d792985
Naoya Ogawa,Naoya,Ogawa,,"6' 4""",255 lbs.,--,Orthodox,"Mar 31, 1968",7,2,0,,2.41,42%,1.66,47%,1.25,100%,66%,1.2,http://www.ufcstats.com/fighter-details/4b2390cfaceb91d8
Trey Ogden,Trey,Ogden,Shamurai,"5' 11""",155 lbs.,"72.0""",Orthodox,"Nov 14, 1989",18,7,0,,3.20,50%,3.49,55%,1.89,32%,100%,0.7,http://www.ufcstats.com/fighter-details/cfc3e7bb44685289
Andy Ogle,Andy,Ogle,The Little Axe,"5' 8""",145 lbs.,"69.0""",Orthodox,"Feb 16, 1989",9,6,0,,2.24,44%,2.23,50%,1.44,26%,58%,0.0,http://www.ufcstats.com/fighter-details/b6c4451cb13c9303
Ho Taek Oh,Ho Taek,Oh,Spider,--,155 lbs.,--,,"Jul 20, 1993",7,2,1,,0.00,0%,0.00,0%,0.00,0%,0%,0.0,http://www.ufcstats.com/fighter-details/5c020ee6ab450870
Michiyoshi Ohara,Michiyoshi,Ohara,,"5' 10""",205 lbs.,--,Orthodox,"Nov 15, 1967",0,2,0,,0.28,29%,3.13,48%,0.00,0%,33%,0.0,http://www.ufcstats.com/fighter-details/6a8a06b542e1516d
Koji Oishi,Koji,Oishi,,"5' 8""",170 lbs.,--,Orthodox,"May 31, 1977",25,10,10,,1.43,9%,17.86,43%,0.00,0%,0%,0.0,http://www.ufcstats.com/fighter-details/01daf32100ed7517
Takayuki Okada,Takayuki,Okada,Giant Ochiai,"6' 1""",290 lbs.,--,Orthodox,"May 08, 1973",3,3,2,,0.00,0%,0.00,0%,0.00,0%,0%,0.0,http://www.ufcstats.com/fighter-details/32541eb5d12668b4
Raquel Pa'aluhi,Raquel,Pa'aluhi,Rocky,"5' 7""",135 lbs.,--,,"Oct 14, 1990",6,5,0,,1.71,56%,3.42,46%,0.00,0%,18%,0.0,http://www.ufcstats.com/fighter-details/373be586f370d400
Nick Pace,Nick,Pace,,"5' 7""",135 lbs.,"68.0""",Orthodox,"Apr 17, 1987",8,3,0,,1.48,34%,3.14,57%,2.52,43%,54%,0.5,http://www.ufcstats.com/fighter-details/8cb76103cd8a1562
Jimmie Pace,Jimmie,Pace,Big Bucks,--,185 lbs.,--,,"Apr 09, 1996",7,2,0,,0.00,0%,0.00,0%,0.00,0%,0%,0.0,http://www.ufcstats.com/fighter-details/4652b685fa11e7fd
Larissa Pacheco,Larissa,Pacheco,,"5' 7""",135 lbs.,--,Orthodox,"Sep 07, 1994",10,2,0,,1.21,19%,4.14,55%,0.00,0%,0%,0.0,http://www.ufcstats.com/fighter-details/16b89be2f5c16fba
Angel Pacheco,Angel,Pacheco,,"5' 8""",135 lbs.,"70.0""",Orthodox,"Jan 13, 1992",7,4,0,,7.58,36%,10.56,41%,0.33,50%,16%,0.0,http://www.ufcstats.com/fighter-details/07797f10b9569cfc
Teemu Packalen,Teemu,Packalen,Pacu,"6' 1""",155 lbs.,"75.0""",Orthodox,"May 22, 1987",8,3,0,,2.57,54%,3.91,47%,2.31,25%,100%,1.5,http://www.ufcstats.com/fighter-details/8f4eeaf7a0df7c1a
George Pacurariu,George,Pacurariu,Constantine,"5' 7""",135 lbs.,--,,"Jul 28, 1984",10,5,0,,4.69,53%,2.68,63%,5.03,100%,100%,5.0,http://www.ufcstats.com/fighter-details/c51da79b0346b5b7
Cyrillo Padilha,Cyrillo,Padilha,,"5' 11""",155 lbs.,--,,"Jan 23, 1978",3,3,0,,0.00,0%,0.00,0%,0.00,0%,0%,0.0,http://www.ufcstats.com/fighter-details/856c4d2668a875f9
Gary Padilla,Gary,Padilla,,"5' 11""",205 lbs.,--,,"May 04, 1980",12,6,0,,2.20,27%,2.00,76%,0.00,0%,50%,0.0,http://www.ufcstats.com/fighter-details/01dd4cdc2446f665
Fernando Padilla,Fernando,Padilla,El Valiente,"6' 1""",145 lbs.,"76.0""",Orthodox,"Dec 15, 1996",16,6,0,,6.07,40%,5.74,52%,0.00,0%,100%,0.6,http://www.ufcstats.com/fighter-details/d2f43cfaf8ca3560
Chris Padilla,Chris,Padilla,Taco,"5' 9""",155 lbs.,"74.0""",Orthodox,"Sep 14, 1995",17,6,0,,4.78,54%,3.87,55%,1.18,30%,75%,0.4,http://www.ufcstats.com/fighter-details/06626b6287e1ae1e
Damacio Page,Damacio,Page,The Angel of Death,"5' 6""",135 lbs.,"66.0""",Orthodox,"Sep 30, 1982",19,10,0,,2.05,38%,2.47,51%,2.63,64%,23%,0.9,http://www.ufcstats.com/fighter-details/c96e2ae6021144a1
Michael Page,Michael,Page,Venom,"6' 3""",170 lbs.,"79.0""",Switch,"Apr 07, 1987",25,3,0,,2.28,58%,1.51,62%,0.19,16%,70%,0.0,http://www.ufcstats.com/fighter-details/a67d071163962af8
Dustin Pague,Dustin,Pague,The Disciple,"5' 9""",135 lbs.,"74.0""",Orthodox,"Aug 05, 1987",12,11,0,,1.65,53%,2.96,41%,1.03,44%,55%,2.6,http://www.ufcstats.com/fighter-details/55f80a8aeffcdb33
Josh Paiva,Josh,Paiva,,"5' 6""",125 lbs.,--,,"Apr 05, 1991",8,2,0,,0.00,0%,0.00,0%,0.00,0%,0%,0.0,http://www.ufcstats.com/fighter-details/1e12c1dbbb1e2dda
Raulian Paiva,Raulian,Paiva,,"5' 8""",135 lbs.,"69.0""",Orthodox,"Oct 17, 1995",21,5,0,,4.14,42%,5.01,48%,0.65,23%,77%,0.2,http://www.ufcstats.com/fighter-details/82b4e942781b1046
Dinis Paiva Jr.,Dinis,Paiva Jr.,Sweetbread,"5' 9""",145 lbs.,"71.0""",Southpaw,"May 26, 1988",13,8,0,,2.60,41%,2.73,67%,0.00,0%,81%,0.0,http://www.ufcstats.com/fighter-details/ad3a5e465c76e499
Fredson Paixao,Fredson,Paixao,,"5' 6""",145 lbs.,"66.0""",Orthodox,"May 13, 1979",10,5,0,,1.71,54%,2.31,62%,0.62,11%,10%,2.2,http://www.ufcstats.com/fighter-details/320edfb0332b7073
Luis Pajuelo,Luis,Pajuelo,Corazon de Leon,"5' 10""",145 lbs.,"69.0""",Orthodox,"Dec 18, 1994",8,2,0,,6.03,57%,8.20,52%,0.00,0%,66%,0.0,http://www.ufcstats.com/fighter-details/e530df53922f413e
Jose Palacios,Jose,Palacios,,"5' 9""",145 lbs.,--,Orthodox,"Nov 10, 1982",3,2,0,,2.67,70%,1.00,79%,0.00,0%,50%,1.7,http://www.ufcstats.com/fighter-details/de20ffb3fc2e7629
Ricky Palacios,Ricky,Palacios,El Gallero,"5' 6""",145 lbs.,--,Orthodox,"Jul 05, 1987",10,1,0,,7.73,53%,3.27,59%,0.00,0%,100%,0.0,http://www.ufcstats.com/fighter-details/797ddccda75f169f
Bart Palaszewski,Bart,Palaszewski,Bartimus,"5' 9""",145 lbs.,"70.0""",Orthodox,"May 30, 1983",36,17,0,,2.67,32%,3.97,57%,0.65,31%,53%,0.5,http://www.ufcstats.com/fighter-details/4304992c2acc187b
Sasha Palatnikov,Sasha,Palatnikov,,"6' 1""",170 lbs.,"72.0""",Switch,"Mar 15, 1989",6,4,0,,6.69,53%,5.44,52%,0.72,100%,70%,0.0,http://www.ufcstats.com/fighter-details/a6c20202c701e5ca
Soa Palelei,Soa,Palelei,The Hulk,"6' 4""",265 lbs.,"81.0""",Orthodox,"Jul 12, 1977",22,5,0,,2.47,57%,2.68,48%,2.20,47%,66%,0.0,http://www.ufcstats.com/fighter-details/60029bcf496bd707
Rousimar Palhares,Rousimar,Palhares,Toquinho,"5' 8""",170 lbs.,"71.0""",Orthodox,"Feb 26, 1980",19,8,0,,1.75,51%,2.04,59%,3.93,45%,0%,4.1,http://www.ufcstats.com/fighter-details/8ddf9c51c5fdea75
Qiu Lun,Qiu,Lun,Tibetan Knight,"5' 8""",125 lbs.,"66.0""",Southpaw,"Jul 08, 1997",16,9,0,,3.51,46%,1.78,67%,0.67,18%,68%,0.0,http://www.ufcstats.com/fighter-details/126bdc1710a8cbf4
Bao Quach,Bao,Quach,,"5' 3""",145 lbs.,--,Orthodox,"Sep 04, 1979",19,10,1,,0.00,0%,0.00,0%,0.00,0%,0%,0.0,http://www.ufcstats.com/fighter-details/d365ee924f5cc3fc
Gary Quan,Gary,Quan,,"5' 8""",143 lbs.,--,,"Apr 11, 1971",3,5,0,,0.00,0%,0.00,0%,0.00,0%,0%,0.0,http://www.ufcstats.com/fighter-details/f7b4cbe93f3bac06
Billy Quarantillo,Billy,Quarantillo,,"5' 10""",145 lbs.,"70.0""",Orthodox,"Dec 08, 1988",18,7,0,,7.44,54%,5.83,42%,1.47,24%,61%,1.0,http://www.ufcstats.com/fighter-details/aa171d55d4b5208f
Nate Quarry,Nate,Quarry,Rock,"6' 0""",185 lbs.,"72.0""",Open Stance,"Mar 18, 1972",12,4,0,,4.96,44%,2.80,66%,0.25,33%,60%,0.0,http://www.ufcstats.com/fighter-details/52cae54377b433b7
Vinicius Queiroz,Vinicius,Queiroz,Spartan,"6' 7""",220 lbs.,--,Orthodox,"Aug 29, 1983",8,4,0,,3.67,51%,4.10,41%,5.07,70%,100%,0.7,http://www.ufcstats.com/fighter-details/2a8502954f49e682
Jimmy Quinlan,Jimmy,Quinlan,Crash,"6' 0""",185 lbs.,--,Orthodox,"May 25, 1986",3,1,1,,2.08,70%,5.94,16%,4.46,25%,0%,0.0,http://www.ufcstats.com/fighter-details/ddbe4fa2ea573393
Josh Quinlan,Josh,Quinlan,Bushido,"6' 0""",170 lbs.,"72.0""",Orthodox,"Feb 06, 1993",6,3,0,,3.57,42%,6.38,53%,0.34,11%,71%,0.0,http://www.ufcstats.com/fighter-details/876f478f796495f7
Ryan Quinn,Ryan,Quinn,,"5' 8""",145 lbs.,--,,--,13,7,1,,2.31,41%,1.67,48%,0.00,0%,0%,1.9,http://www.ufcstats.com/fighter-details/cc23ed51619421a3
Michel Quinones,Michel,Quinones,El Capo,"5' 10""",155 lbs.,"73.0""",Orthodox,"Dec 22, 1984",8,3,0,,2.91,29%,5.98,48%,0.00,0%,36%,0.0,http://www.ufcstats.com/fighter-details/5e84a859c6a82288
Landon Quinones,Landon,Quinones,The Lone Wolf,"5' 9""",155 lbs.,"70.0""",Southpaw,"Nov 21, 1995",7,3,1,,6.77,40%,7.70,55%,0.50,33%,100%,0.0,http://www.ufcstats.com/fighter-details/267f4a6568abe245
Jose Quinonez,Jose,Quinonez,Teco,"5' 8""",135 lbs.,"69.0""",Southpaw,"Jul 28, 1990",9,5,0,,3.60,45%,3.00,64%,2.70,47%,42%,0.6,http://www.ufcstats.com/fighter-details/36549928f90f1d36
Cristian Quinonez,Cristian,Quinonez,Problema,"5' 8""",135 lbs.,"70.0""",Orthodox,"Apr 26, 1996",19,5,0,,3.67,43%,3.71,56%,3.14,55%,85%,0.6,http://www.ufcstats.com/fighter-details/7debc13b36343605
Benji Radach,Benji,Radach,Razor,"5' 10""",185 lbs.,--,Orthodox,"Apr 05, 1979",21,7,0,,2.62,49%,2.31,51%,1.06,41%,71%,0.4,http://www.ufcstats.com/fighter-details/01b39decaf0abf6a
Jordan Radev,Jordan,Radev,,"5' 7""",185 lbs.,--,Southpaw,"Sep 28, 1976",23,5,0,,1.35,23%,2.38,66%,0.00,0%,80%,0.0,http://www.ufcstats.com/fighter-details/45bc8f98d62bd096
Charles Radtke,Charles,Radtke,Chuck Buffalo,"5' 9""",170 lbs.,"72.0""",Orthodox,"Jul 09, 1990",11,5,0,,2.80,54%,2.63,54%,1.32,30%,100%,0.7,http://www.ufcstats.com/fighter-details/feedf3053472fe56
Loik Radzhabov,Loik,Radzhabov,The Tajik Tank,"5' 11""",155 lbs.,"69.0""",Orthodox,"Sep 17, 1990",18,6,1,,2.89,44%,3.76,46%,4.65,57%,42%,0.0,http://www.ufcstats.com/fighter-details/8c169fbe1ac33637
Gilbert Rael,Gilbert,Rael,,"5' 8""",155 lbs.,--,,--,1,3,0,,0.00,0%,7.46,37%,4.86,100%,0%,0.0,http://www.ufcstats.com/fighter-details/6cc25d19a891f435
Josh Rafferty,Josh,Rafferty,,"6' 0""",170 lbs.,--,Orthodox,"Jan 06, 1981",9,8,0,,0.60,33%,3.60,50%,0.00,0%,0%,9.0,http://www.ufcstats.com/fighter-details/ff2c606c8bc365e3
Marwan Rahiki,Marwan,Rahiki,Freaky,"5' 8""",145 lbs.,"72.0""",Orthodox,"May 10, 2002",8,0,0,,7.73,52%,6.33,56%,0.00,0%,100%,0.9,http://www.ufcstats.com/fighter-details/6eedb757f13b9978
Amir Rahnavardi,Amir,Rahnavardi,,"6' 0""",205 lbs.,--,Orthodox,"Dec 07, 1974",11,10,0,,0.67,25%,0.00,100%,0.00,0%,50%,0.0,http://www.ufcstats.com/fighter-details/bc7f7f0ba3db74d2
Ricky Rainey,Ricky,Rainey,The Sniper,"6' 1""",170 lbs.,"77.0""",Switch,"Jun 29, 1983",12,6,0,,2.55,48%,2.62,46%,0.95,18%,55%,0.0,http://www.ufcstats.com/fighter-details/9b1e3fb4f8cbd5b7
Shavkat Rakhmonov,Shavkat,Rakhmonov,Nomad,"6' 1""",170 lbs.,"77.0""",Orthodox,"Oct 23, 1994",19,0,0,,3.25,60%,2.17,51%,1.40,25%,85%,1.2,http://www.ufcstats.com/fighter-details/01afe0916a40c7c5
Sora Rakhmonova,Sora,Rakhmonova,,--,125 lbs.,--,,"Jun 21, 1998",4,1,0,,0.00,0%,0.00,0%,0.00,0%,0%,0.0,http://www.ufcstats.com/fighter-details/63ff619c52ff7976
Aleksandar Rakic,Aleksandar,Rakic,Rocket,"6' 4""",205 lbs.,"78.0""",Orthodox,"Feb 06, 1992",14,6,0,,4.13,50%,2.86,51%,0.64,21%,85%,0.1,http://www.ufcstats.com/fighter-details/333b9e5c723ac873
Jessica Rakoczy,Jessica,Rakoczy,The Ragin',"5' 7""",115 lbs.,--,Orthodox,"Apr 14, 1977",1,5,0,,2.50,44%,3.55,64%,0.75,20%,0%,0.8,http://www.ufcstats.com/fighter-details/ffdeb4fbea09ce75
Zygimantas Ramaska,Zygimantas,Ramaska,,"5' 11""",145 lbs.,"71.0""",Orthodox,"Dec 27, 1996",9,3,0,,0.96,60%,2.25,30%,0.00,0%,33%,2.4,http://www.ufcstats.com/fighter-details/641ca2c2ed91b93c
Thomas Ramirez,Thomas,Ramirez,,"6' 1""",410 lbs.,--,Sideways,--,0,1,0,,0.00,0%,0.00,0%,0.00,0%,0%,0.0,http://www.ufcstats.com/fighter-details/ea398c802d9998ee
Hector Ramirez,Hector,Ramirez,Sick Dog,"6' 0""",205 lbs.,--,Orthodox,"Mar 28, 1976",10,6,1,,2.27,41%,4.60,56%,2.30,55%,66%,0.5,http://www.ufcstats.com/fighter-details/d1759b2b7be9be56
Matt Ramirez,Matt,Ramirez,The Machine,"5' 5""",125 lbs.,--,,--,2,3,0,,3.03,50%,0.67,75%,2.53,16%,100%,0.0,http://www.ufcstats.com/fighter-details/96c05ba5ab9eccaf
Steve Ramirez,Steve,Ramirez,,"5' 7""",125 lbs.,--,,--,5,2,0,,0.00,0%,0.00,0%,0.00,0%,0%,0.0,http://www.ufcstats.com/fighter-details/4311e9d23604205c
Amador Ramirez,Amador,Ramirez,,--,135 lbs.,--,,"Jun 14, 1990",5,4,0,,4.93,51%,2.07,69%,1.00,33%,0%,0.0,http://www.ufcstats.com/fighter-details/ac31f869959860bc
Mitch Ramirez,Mitch,Ramirez,,"5' 11""",155 lbs.,"71.0""",Orthodox,"Nov 03, 1992",8,3,0,,3.51,44%,3.98,37%,0.59,33%,25%,0.0,http://www.ufcstats.com/fighter-details/e99eb0ef25885de5
Andrew Ramm,Andrew,Ramm,The,"6' 1""",160 lbs.,--,,--,4,4,0,,0.00,0%,0.00,0%,0.00,0%,0%,0.0,http://www.ufcstats.com/fighter-details/3b5f2faaa2f2c1f6
Ian Rammel,Ian,Rammel,,"6' 0""",185 lbs.,--,,"Jul 22, 1985",7,8,0,,0.00,0%,0.00,0%,0.00,0%,0%,0.0,http://www.ufcstats.com/fighter-details/abc8e1423cf5b74e
Luis Ramos,Luis,Ramos,Beicao,"5' 8""",170 lbs.,--,Orthodox,"Jan 18, 1981",20,10,2,,2.40,35%,5.60,42%,1.50,20%,100%,0.0,http://www.ufcstats.com/fighter-details/7bc475b0fc2020ab
Ricardo Ramos,Ricardo,Ramos,,"5' 9""",145 lbs.,"72.0""",Orthodox,"Aug 01, 1995",17,8,0,,2.91,36%,3.97,54%,2.51,57%,67%,1.0,http://www.ufcstats.com/fighter-details/1ae8f3c723aacff4
Davi Ramos,Davi,Ramos,Tasmanian Devil,"5' 6""",155 lbs.,"70.0""",Orthodox,"Nov 05, 1986",10,4,0,,2.64,37%,3.44,56%,1.95,40%,83%,0.6,http://www.ufcstats.com/fighter-details/0052de90691d4a93
Yusup Saadulaev,Yusup,Saadulaev,Maestro,"5' 6""",135 lbs.,--,,"Mar 31, 1985",16,4,1,,0.57,45%,0.96,66%,5.73,60%,0%,1.0,http://www.ufcstats.com/fighter-details/b1669a810fae4220
Cameron Saaiman,Cameron,Saaiman,MSP,"5' 8""",135 lbs.,"67.0""",Southpaw,"Dec 20, 2000",9,3,0,,5.30,46%,4.14,51%,0.89,28%,47%,0.7,http://www.ufcstats.com/fighter-details/3c8a5200436e19f3
Pete Sabala,Pete,Sabala,,--,135 lbs.,--,,--,3,15,0,,0.00,0%,0.00,0%,0.00,0%,0%,0.0,http://www.ufcstats.com/fighter-details/7956f026e2672c47
Danny Sabatello,Danny,Sabatello,Italian Gangster,"5' 10""",135 lbs.,"71.0""",Orthodox,"Mar 31, 1993",9,1,0,,2.07,57%,0.20,25%,3.00,75%,100%,1.0,http://www.ufcstats.com/fighter-details/cb7ee07982de2a28
Pat Sabatini,Pat,Sabatini,,"5' 8""",145 lbs.,"70.0""",Orthodox,"Nov 09, 1990",21,5,0,,1.69,59%,1.09,50%,4.48,50%,50%,1.5,http://www.ufcstats.com/fighter-details/b8bbdeff718dbb7d
Amir Sadollah,Amir,Sadollah,,"5' 10""",170 lbs.,"75.0""",Orthodox,"Aug 27, 1980",6,5,0,,4.71,46%,3.55,60%,0.57,27%,60%,0.3,http://www.ufcstats.com/fighter-details/2650e2f846a30f64
Nazim Sadykhov,Nazim,Sadykhov,Black Wolf,"5' 10""",155 lbs.,"69.0""",Southpaw,"May 16, 1994",11,2,1,,4.79,49%,5.49,49%,1.10,45%,72%,0.2,http://www.ufcstats.com/fighter-details/ff62013d2fce6d13
Frankie Saenz,Frankie,Saenz,,"5' 6""",135 lbs.,"66.0""",Orthodox,"Aug 12, 1980",13,7,0,,3.94,47%,3.50,52%,1.74,31%,61%,0.1,http://www.ufcstats.com/fighter-details/9ba2226646046b63
Terrance Saeteurn,Terrance,Saeteurn,Wrong Turn,"5' 6""",125 lbs.,"67.0""",Orthodox,"May 30, 1995",8,2,0,,3.82,40%,3.82,52%,0.00,0%,0%,0.0,http://www.ufcstats.com/fighter-details/a78f7a9135eb6249
Saparbeg Safarov,Saparbeg,Safarov,,"6' 1""",185 lbs.,"78.0""",Orthodox,"Oct 14, 1986",9,3,0,,4.03,48%,2.96,47%,2.52,41%,33%,0.0,http://www.ufcstats.com/fighter-details/88d7b6d8230e1f3f
Tarec Saffiedine,Tarec,Saffiedine,Sponge,"5' 10""",170 lbs.,"70.0""",Switch,"Sep 06, 1986",16,7,0,,4.05,47%,3.06,62%,0.52,36%,84%,0.1,http://www.ufcstats.com/fighter-details/0749d968e932df53
Jason Saggo,Jason,Saggo,,"5' 11""",155 lbs.,"71.0""",Orthodox,"Nov 23, 1985",12,4,0,,2.50,39%,2.94,52%,2.33,40%,23%,0.0,http://www.ufcstats.com/fighter-details/4ac1ecf8ce59ef23
Kiru Sahota,Kiru,Sahota,,"5' 10""",125 lbs.,"73.0""",Orthodox,"May 28, 1995",12,3,0,,4.05,52%,2.64,41%,0.92,33%,50%,0.5,http://www.ufcstats.com/fighter-details/296a120cb880477b
Tatsuya Saika,Tatsuya,Saika,Yanbo,"6' 0""",155 lbs.,"73.0""",Orthodox,"Sep 18, 1990",11,5,0,,6.67,44%,9.91,43%,0.00,0%,66%,0.0,http://www.ufcstats.com/fighter-details/cc4e571964b084d4
Mridul Saikia,Mridul,Saikia,Crusher,"5' 7""",125 lbs.,"68.0""",Orthodox,"May 09, 1997",8,1,0,,0.91,28%,2.74,36%,0.00,0%,0%,0.0,http://www.ufcstats.com/fighter-details/96c76dd695eb3b88
Kaushik Saikumar,Kaushik,Saikumar,The Pride of Chennai,"5' 10""",135 lbs.,"71.0""",Orthodox,"Dec 11, 1997",5,1,0,,0.81,28%,5.35,41%,0.00,0%,33%,1.2,http://www.ufcstats.com/fighter-details/6a6c4709ebc5499a
Benoit Saint Denis,Benoit,Saint Denis,God of War,"5' 11""",155 lbs.,"73.0""",Southpaw,"Dec 18, 1995",17,3,0,,5.62,58%,4.09,42%,4.19,35%,72%,1.8,http://www.ufcstats.com/fighter-details/c2299ec916bc7c56
Ovince Saint Preux,Ovince,Saint Preux,,"6' 3""",205 lbs.,"80.0""",Southpaw,"Apr 08, 1983",27,18,0,,3.03,47%,3.33,47%,1.09,36%,67%,0.5,http://www.ufcstats.com/fighter-details/50db8711c70196cd
Lukasz Sajewski,Lukasz,Sajewski,Wookie,"5' 8""",155 lbs.,"71.0""",Orthodox,"Nov 27, 1990",13,3,0,,2.06,35%,3.88,57%,1.01,25%,66%,0.0,http://www.ufcstats.com/fighter-details/fb41432b622992a9
Yukio Sakaguchi,Yukio,Sakaguchi,,"5' 9""",185 lbs.,--,Orthodox,"Jul 26, 1973",6,7,0,,0.30,25%,2.40,50%,4.50,100%,0%,9.0,http://www.ufcstats.com/fighter-details/94a5aaf573f780ad
Augusto Sakai,Augusto,Sakai,,"6' 3""",265 lbs.,"77.0""",Orthodox,"May 09, 1991",16,5,1,,4.60,49%,3.83,48%,0.23,40%,56%,0.0,http://www.ufcstats.com/fighter-details/441eacbe20e0e80b
Alessio Sakara,Alessio,Sakara,Legionarius,"6' 0""",185 lbs.,"72.0""",Orthodox,"Sep 02, 1981",19,11,0,,3.96,47%,2.80,59%,2.18,78%,62%,0.0,http://www.ufcstats.com/fighter-details/7f955f71fa2ce7ac
Wataru Sakata,Wataru,Sakata,,"5' 9""",195 lbs.,--,Southpaw,"Mar 11, 1973",11,14,0,,1.11,61%,2.08,31%,0.00,0%,0%,0.0,http://www.ufcstats.com/fighter-details/d7907a9a968e4d29
Gokhan Saki,Gokhan,Saki,The Rebel,"6' 0""",205 lbs.,"73.0""",Orthodox,"Oct 19, 1983",1,2,0,,7.09,58%,4.57,53%,0.00,0%,100%,0.0,http://www.ufcstats.com/fighter-details/4690d47bf725fd98
Kazushi Sakuraba,Kazushi,Sakuraba,The Gracie Hunter,"6' 0""",185 lbs.,--,Southpaw,"Jul 14, 1969",26,17,1,,1.26,41%,2.03,51%,1.26,31%,48%,1.7,http://www.ufcstats.com/fighter-details/9b5b5a75523728f3
Osamu Tachihikari,Osamu,Tachihikari,,"6' 5""",300 lbs.,--,Orthodox,"Sep 12, 1963",0,4,0,,0.00,0%,0.00,0%,0.00,0%,0%,0.0,http://www.ufcstats.com/fighter-details/e7bc606d269896aa
Amber Tackett,Amber,Tackett,,--,115 lbs.,--,,--,1,3,0,,0.00,0%,0.00,0%,0.00,0%,0%,0.0,http://www.ufcstats.com/fighter-details/bb01bc3c57f39b04
Eugenio Tadeu,Eugenio,Tadeu,,"5' 8""",160 lbs.,--,Orthodox,"Aug 17, 1963",2,3,0,,0.00,0%,0.00,0%,0.00,0%,0%,0.0,http://www.ufcstats.com/fighter-details/f70144caea5c4c80
Albert Tadevosyan,Albert,Tadevosyan,Albeezy,--,170 lbs.,--,,"Apr 12, 1992",13,3,1,,0.00,0%,0.00,0%,0.00,0%,0%,0.0,http://www.ufcstats.com/fighter-details/6751b11102b6adfe
Justin Tafa,Justin,Tafa,Bad Man,"6' 0""",264 lbs.,"74.0""",Southpaw,"Dec 13, 1993",7,5,0,,4.05,54%,5.11,47%,0.00,0%,53%,0.0,http://www.ufcstats.com/fighter-details/e13abac8089a801a
Junior Tafa,Junior,Tafa,The Juggernaut,"6' 3""",205 lbs.,"75.0""",Orthodox,"Sep 21, 1996",6,5,0,,3.41,51%,2.55,51%,0.00,0%,70%,0.0,http://www.ufcstats.com/fighter-details/c15fa95b9a12fde4
Khalid Taha,Khalid,Taha,The Warrior,"5' 5""",135 lbs.,"69.0""",Orthodox,"Feb 15, 1992",13,5,0,,2.64,32%,4.12,46%,0.00,0%,61%,0.2,http://www.ufcstats.com/fighter-details/b4537562f88ac582
Joe Taimanglo,Joe,Taimanglo,The Juggernaut,"5' 4""",135 lbs.,--,,"Jun 27, 1984",23,7,1,,4.18,42%,4.55,59%,5.45,40%,100%,1.4,http://www.ufcstats.com/fighter-details/9bf126927843e184
Tatsuro Taira,Tatsuro,Taira,The Best,"5' 7""",125 lbs.,"70.0""",Orthodox,"Jan 27, 2000",18,1,0,,2.94,60%,2.44,47%,3.12,46%,45%,1.6,http://www.ufcstats.com/fighter-details/4461d7e47375a895
Mairbek Taisumov,Mairbek,Taisumov,Beckan,"5' 9""",155 lbs.,"73.0""",Orthodox,"Aug 08, 1988",27,6,0,,2.98,39%,3.03,64%,1.34,63%,88%,0.0,http://www.ufcstats.com/fighter-details/8f5c8850b2484173
Taiyilake Nueraji,Taiyilake,Nueraji,Super Saiyan,"6' 2""",170 lbs.,"75.0""",Southpaw,"Jan 12, 2001",12,1,0,,9.82,53%,5.01,58%,1.47,33%,100%,0.0,http://www.ufcstats.com/fighter-details/7498b3ac79a3b948
Ryo Tajima,Ryo,Tajima,,--,135 lbs.,--,,"Aug 14, 1999",10,3,0,,0.00,0%,0.00,0%,0.00,0%,0%,0.0,http://www.ufcstats.com/fighter-details/34fbfc3f65b64645
Nobuhiko Takada,Nobuhiko,Takada,,"6' 0""",220 lbs.,--,Southpaw,"Apr 12, 1962",2,6,2,,0.31,24%,1.92,39%,1.15,20%,0%,0.0,http://www.ufcstats.com/fighter-details/a25b71fe5e31fa97
Yoshiki Takahashi,Yoshiki,Takahashi,Kazuo,"5' 11""",199 lbs.,--,Southpaw,"Mar 13, 1969",30,27,3,,2.26,51%,6.47,44%,0.00,0%,66%,2.3,http://www.ufcstats.com/fighter-details/6420efac0578988b
Yoko Takahashi,Yoko,Takahashi,,"5' 8""",150 lbs.,--,,"Apr 20, 1973",15,12,2,,5.11,54%,8.78,48%,0.00,0%,0%,0.0,http://www.ufcstats.com/fighter-details/01f86e2d604e2f3c
Daiju Takase,Daiju,Takase,,"6' 0""",170 lbs.,--,Southpaw,"Apr 20, 1978",12,15,2,,0.49,30%,1.64,47%,0.84,17%,21%,1.2,http://www.ufcstats.com/fighter-details/4f74c8be51db8a37
Hiroyuki Takaya,Hiroyuki,Takaya,Streetfight Bancho,"5' 6""",139 lbs.,--,Orthodox,"Jun 10, 1977",21,14,2,,3.18,33%,3.16,60%,0.90,45%,66%,0.0,http://www.ufcstats.com/fighter-details/0d16bdb7d32e88e9
Yoshihiro Takayama,Yoshihiro,Takayama,,"6' 5""",280 lbs.,--,Orthodox,"Sep 19, 1968",1,4,0,,3.40,54%,5.69,29%,0.67,33%,55%,0.0,http://www.ufcstats.com/fighter-details/d856a0080ac09ed7
Makoto Takimoto,Makoto,Takimoto,,"5' 7""",205 lbs.,--,Southpaw,"Dec 08, 1979",6,5,0,,1.37,39%,1.71,55%,1.48,50%,25%,1.1,http://www.ufcstats.com/fighter-details/a7724f51e32e763e
Oleg Taktarov,Oleg,Taktarov,The Russian Bear,"6' 0""",210 lbs.,--,Orthodox,"Aug 26, 1967",17,5,2,,0.00,0%,0.00,0%,0.00,0%,0%,0.0,http://www.ufcstats.com/fighter-details/1dc56b59cb28425d
Payton Talbott,Payton,Talbott,,"5' 10""",135 lbs.,"70.0""",Switch,"Sep 09, 1998",11,1,0,,6.62,56%,3.41,46%,0.78,44%,77%,0.2,http://www.ufcstats.com/fighter-details/6e743a33d56bdaa4
Nordine Taleb,Nordine,Taleb,,"6' 1""",170 lbs.,"74.0""",Orthodox,"Jun 10, 1981",15,7,0,,3.66,51%,2.62,66%,1.94,76%,73%,0.0,http://www.ufcstats.com/fighter-details/49858bf46dabf6fb
Murtaza Talha,Murtaza,Talha,,"6' 0""",205 lbs.,"74.0""",Orthodox,"Jul 10, 1996",7,2,0,,4.29,57%,7.09,31%,0.00,0%,100%,0.0,http://www.ufcstats.com/fighter-details/6aab5c20395ee722
Tsuyoshi Tamakairiki,Tsuyoshi,Tamakairiki,,"6' 0""",220 lbs.,--,Orthodox,"Jul 16, 1966",0,3,0,,0.00,0%,26.67,50%,0.00,0%,0%,0.0,http://www.ufcstats.com/fighter-details/eaa0a728cc91ef60
Eli Tamez,Eli,Tamez,Tomahawk,"5' 7""",135 lbs.,--,,"Aug 22, 1985",10,0,0,,0.00,0%,0.00,0%,0.00,0%,0%,0.0,http://www.ufcstats.com/fighter-details/bfd4d50591033a1f
Raphael Uchegbu,Raphael,Uchegbu,,"5' 9""",135 lbs.,"73.0""",Orthodox,"Aug 16, 1995",10,2,0,,2.46,48%,2.85,50%,1.48,16%,0%,0.0,http://www.ufcstats.com/fighter-details/cb680d85b84cbfd9
Takeru Uchida,Takeru,Uchida,,"5' 5""",125 lbs.,"68.0""",Southpaw,"Sep 30, 2002",6,1,0,,0.00,0%,0.00,0%,0.00,0%,0%,4.4,http://www.ufcstats.com/fighter-details/1d76f07ffdd765c2
Alberto Uda,Alberto,Uda,,"6' 3""",185 lbs.,--,Orthodox,"Aug 08, 1984",12,2,0,,1.79,52%,3.49,45%,2.83,50%,66%,0.0,http://www.ufcstats.com/fighter-details/8f2deefe8c5dfb5d
Ryuki Ueyama,Ryuki,Ueyama,,"5' 11""",180 lbs.,--,Southpaw,"Apr 17, 1976",12,18,5,,0.13,21%,1.40,46%,0.50,100%,0%,1.5,http://www.ufcstats.com/fighter-details/bcd124bcd3d5be46
Christian Uflacker,Christian,Uflacker,,"5' 11""",170 lbs.,--,,"Aug 04, 1985",5,0,0,,0.00,0%,0.00,0%,0.00,0%,0%,0.0,http://www.ufcstats.com/fighter-details/10ccf4ec9913cadc
Andy Uhrich,Andy,Uhrich,,"6' 0""",170 lbs.,--,,--,11,6,0,,0.00,0%,0.00,0%,0.00,0%,0%,0.0,http://www.ufcstats.com/fighter-details/4a1a492f299581d9
Tagir Ulanbekov,Tagir,Ulanbekov,,"5' 7""",125 lbs.,"70.0""",Southpaw,"Aug 07, 1991",17,3,0,,3.01,48%,3.44,50%,2.73,39%,63%,1.5,http://www.ufcstats.com/fighter-details/f00ac08ab056af5d
Carlos Ulberg,Carlos,Ulberg,Black Jag,"6' 4""",205 lbs.,"77.0""",Orthodox,"Nov 07, 1990",14,1,0,,6.54,55%,4.04,51%,0.55,60%,85%,0.2,http://www.ufcstats.com/fighter-details/9014c02eff8b3d62
Gasan Umalatov,Gasan,Umalatov,Cobra,"5' 11""",170 lbs.,"71.0""",Orthodox,"Sep 11, 1982",17,4,2,,2.23,39%,4.10,59%,0.75,17%,90%,0.0,http://www.ufcstats.com/fighter-details/7a39bbac8cc0fa70
Jeremy Umphries,Jeremy,Umphries,,--,160 lbs.,--,,--,5,2,0,,0.00,0%,0.00,0%,0.00,0%,0%,0.0,http://www.ufcstats.com/fighter-details/4793a2d90f5ab8ae
Zach Underwood,Zach,Underwood,,"6' 2""",185 lbs.,--,,--,13,7,0,,0.00,0%,0.00,0%,0.00,0%,0%,0.0,http://www.ufcstats.com/fighter-details/1e310618d02ff93b
Caol Uno,Caol,Uno,Uno Shoten,"5' 7""",155 lbs.,"70.0""",Southpaw,"May 08, 1975",33,19,5,,1.91,49%,1.90,50%,1.95,31%,37%,0.5,http://www.ufcstats.com/fighter-details/eb1723480fa2f96c
Kengo Ura,Kengo,Ura,Uraken,"5' 9""",165 lbs.,--,,"Jun 20, 1981",14,12,2,,1.05,37%,2.38,48%,2.85,28%,50%,1.4,http://www.ufcstats.com/fighter-details/58258914525740a5
Logan Urban,Logan,Urban,Hulk,"6' 0""",170 lbs.,"72.0""",Orthodox,"Apr 22, 1994",5,1,0,,2.55,66%,16.60,27%,0.00,0%,0%,0.0,http://www.ufcstats.com/fighter-details/5e23f30e9c6ed74e
Hector Urbina,Hector,Urbina,El Toro,"5' 11""",170 lbs.,"73.0""",Orthodox,"Sep 17, 1987",17,10,1,,0.97,38%,2.44,39%,0.00,0%,38%,3.8,http://www.ufcstats.com/fighter-details/4b8fb0453a596b8e
Elias Urbina,Elias,Urbina,,"6' 3""",185 lbs.,"77.0""",Southpaw,"Oct 09, 1993",3,1,0,,3.85,37%,6.17,50%,0.00,0%,0%,0.0,http://www.ufcstats.com/fighter-details/47fcdcaccb58ca80
Gilbert Urbina,Gilbert,Urbina,The RGV Bad Boy,"6' 3""",170 lbs.,"75.0""",Orthodox,"Apr 05, 1996",7,5,0,,5.57,56%,4.62,44%,2.86,44%,0%,0.7,http://www.ufcstats.com/fighter-details/b12fb759e02378de
Guilherme Uriel,Guilherme,Uriel,Urso,"6' 1""",265 lbs.,"74.0""",Orthodox,"Feb 18, 1997",6,2,0,,1.15,43%,4.43,22%,0.00,0%,53%,0.0,http://www.ufcstats.com/fighter-details/4252b09f0c8c4472
Nick Urso,Nick,Urso,,"5' 6""",125 lbs.,"66.0""",Southpaw,"Sep 26, 1985",10,3,0,,3.61,45%,5.06,36%,0.00,0%,0%,0.0,http://www.ufcstats.com/fighter-details/e78c4c3d329c531b
Yasuhiro Urushitani,Yasuhiro,Urushitani,,"5' 5""",125 lbs.,--,Southpaw,"Sep 08, 1976",21,8,6,,3.47,39%,4.71,65%,0.00,0%,80%,0.0,http://www.ufcstats.com/fighter-details/c34e5849184b08c3
Sho Patrick Usami,Sho Patrick,Usami,Savage,"5' 9""",155 lbs.,"70.0""",Orthodox,"May 08, 2000",4,1,0,,0.00,0%,0.00,0%,0.00,0%,0%,0.0,http://www.ufcstats.com/fighter-details/fe30c5f5cc3e028b
Kamaru Usman,Kamaru,Usman,The Nigerian Nightmare,"6' 0""",170 lbs.,"76.0""",Switch,"May 11, 1987",21,4,0,,4.16,51%,2.67,55%,2.79,44%,89%,0.1,http://www.ufcstats.com/fighter-details/f1b2aa7853d1ed6e
Mohammed Usman,Mohammed,Usman,The Motor,"6' 2""",239 lbs.,"79.0""",Orthodox,"Apr 01, 1989",12,4,0,,3.85,39%,4.27,51%,0.56,14%,66%,0.0,http://www.ufcstats.com/fighter-details/da7f113b5ea39c43
Darren Uyenoyama,Darren,Uyenoyama,BC,"5' 6""",125 lbs.,"65.0""",Orthodox,"Oct 15, 1979",10,6,0,,1.34,39%,2.21,66%,1.42,33%,35%,0.7,http://www.ufcstats.com/fighter-details/6546af7ab545b90c
Richie Vaculik,Richie,Vaculik,Vas,"5' 6""",125 lbs.,"69.0""",Orthodox,"Jun 19, 1983",10,4,0,,3.69,46%,4.09,57%,3.00,45%,31%,1.0,http://www.ufcstats.com/fighter-details/54578e5927adea53
Rashid Vagabov,Rashid,Vagabov,Rambo,"5' 7""",125 lbs.,"63.0""",Orthodox,"Jun 27, 1998",14,2,0,,1.87,38%,0.93,67%,3.00,50%,100%,3.0,http://www.ufcstats.com/fighter-details/0d1190beced94f7c
Artem Vakhitov,Artem,Vakhitov,,"6' 1""",205 lbs.,"75.0""",Orthodox,"Apr 04, 1991",3,1,0,,3.88,85%,0.68,80%,0.00,0%,100%,0.0,http://www.ufcstats.com/fighter-details/43e549b803ec7375
Egidijus Valavicius,Egidijus,Valavicius,,"6' 0""",200 lbs.,--,Orthodox,"Dec 23, 1978",29,12,0,,0.00,0%,0.00,0%,0.00,0%,0%,0.0,http://www.ufcstats.com/fighter-details/fc1868f56d3036eb
Genaro Valdez,Genaro,Valdez,Rayadito,"5' 9""",155 lbs.,"72.0""",Orthodox,"Jan 16, 1992",10,3,0,,4.08,30%,7.16,48%,1.54,44%,36%,0.4,http://www.ufcstats.com/fighter-details/cda1099995b46cc2
Charlie Valencia,Charlie,Valencia,,"5' 3""",135 lbs.,"64.0""",Orthodox,"Oct 31, 1974",12,7,0,,2.58,37%,2.61,77%,1.40,53%,75%,0.5,http://www.ufcstats.com/fighter-details/8a0be41c0380188d
Robert Valentin,Robert,Valentin,Robzilla,"6' 2""",185 lbs.,"77.0""",Orthodox,"Mar 31, 1995",11,6,0,,1.13,56%,2.83,32%,0.00,0%,55%,1.3,http://www.ufcstats.com/fighter-details/0cd0456d6029cec2
Victor Valenzuela,Victor,Valenzuela,Joe Boxer,"5' 10""",155 lbs.,--,,--,13,6,2,,1.28,100%,2.55,0%,0.00,0%,0%,0.0,http://www.ufcstats.com/fighter-details/de277a4abcfeea46
Ivan Valenzuela,Ivan,Valenzuela,Bam Bam,"6' 2""",185 lbs.,"77.0""",Orthodox,"Nov 17, 1992",8,2,0,,0.00,0%,9.60,33%,0.00,0%,0%,0.0,http://www.ufcstats.com/fighter-details/45b82ebf0b9e0fd2
Victor Valenzuela,Victor,Valenzuela,Psicosis,"5' 9""",170 lbs.,"71.0""",Orthodox,"Feb 09, 1994",12,4,0,,3.36,33%,8.40,48%,0.00,0%,0%,0.0,http://www.ufcstats.com/fighter-details/078695e385ec2f57
Timur Valiev,Timur,Valiev,Lucky,"5' 6""",135 lbs.,"67.0""",Orthodox,"Jan 19, 1990",18,3,0,,5.19,53%,3.33,45%,1.73,40%,55%,0.3,http://www.ufcstats.com/fighter-details/45e738622ea2c02c
Victor Valimaki,Victor,Valimaki,The Matrix,"6' 0""",205 lbs.,--,Orthodox,"Dec 17, 1981",18,10,0,,3.94,30%,2.99,67%,0.90,14%,0%,0.0,http://www.ufcstats.com/fighter-details/663b76da637402c3
Andrew Valladerez,Andrew,Valladerez,,--,135 lbs.,--,,"Jun 28, 1987",5,7,0,,0.00,0%,0.00,0%,0.00,0%,0%,0.0,http://www.ufcstats.com/fighter-details/2a898bf9fb7710b3
Kevin Vallejos,Kevin,Vallejos,El Chino,"5' 7""",145 lbs.,"68.0""",Switch,"Dec 08, 2001",18,1,0,,6.12,48%,4.41,57%,0.66,28%,84%,0.0,http://www.ufcstats.com/fighter-details/239d8e5359022f3b
Isaac Vallie-Flagg,Isaac,Vallie-Flagg,,"5' 8""",155 lbs.,"70.0""",Orthodox,"Apr 08, 1978",16,7,1,,5.56,47%,5.60,45%,0.20,12%,58%,0.0,http://www.ufcstats.com/fighter-details/c295de4e10acd4c9
Joshua Van,Joshua,Van,The Fearless,"5' 5""",125 lbs.,"65.0""",Orthodox,"Oct 10, 2001",16,2,0,,8.84,56%,6.39,57%,0.84,63%,81%,0.0,http://www.ufcstats.com/fighter-details/17e97649403ba428
Mike van Arsdale,Mike,van Arsdale,,"6' 2""",205 lbs.,--,Switch,"Jun 20, 1965",8,5,0,,1.52,41%,1.91,41%,1.06,14%,37%,0.0,http://www.ufcstats.com/fighter-details/2ee09ec2a0695eb9
Matt Van Buren,Matt,Van Buren,Gutter,"6' 5""",205 lbs.,--,,"Jun 12, 1986",7,6,0,,7.73,45%,6.82,49%,0.00,0%,50%,0.0,http://www.ufcstats.com/fighter-details/7b39035fae7268b8
Ron van Clief,Ron,van Clief,The Black Dragon,"5' 10""",190 lbs.,--,Orthodox,"Jan 25, 1943",0,1,0,,0.00,0%,0.00,0%,0.00,0%,0%,0.0,http://www.ufcstats.com/fighter-details/23ab42947c1990e3
Lloyd Van Dams,Lloyd,Van Dams,,"6' 1""",240 lbs.,--,Southpaw,"Mar 05, 1972",0,1,0,,0.00,0%,3.01,15%,0.00,0%,0%,0.0,http://www.ufcstats.com/fighter-details/02177caefe7c07d4
Alain Van der Merckt,Alain,Van der Merckt,Top Boy,--,185 lbs.,--,,"Jun 11, 1993",8,0,0,,0.00,0%,0.00,0%,0.00,0%,0%,0.0,http://www.ufcstats.com/fighter-details/f6bbc6ba4f06ad60
Cameron VanCamp,Cameron,VanCamp,Jumpman,"6' 2""",155 lbs.,"74.0""",Switch,"Apr 27, 1993",15,7,1,,5.31,47%,6.41,40%,0.00,0%,0%,0.0,http://www.ufcstats.com/fighter-details/87e2468b986ebb79
Chad Vance,Chad,Vance,,"6' 0""",185 lbs.,--,Orthodox,--,7,5,0,,0.00,0%,0.00,0%,0.00,0%,0%,0.0,http://www.ufcstats.com/fighter-details/26d61e92a6069cd2
Jared Vanderaa,Jared,Vanderaa,,"6' 4""",265 lbs.,"80.0""",Orthodox,"May 12, 1992",12,10,0,,4.96,44%,5.67,45%,0.18,50%,20%,0.0,http://www.ufcstats.com/fighter-details/2b68d9f125d07b42
Austin Vanderford,Austin,Vanderford,The Gentleman,"5' 11""",170 lbs.,"74.0""",Orthodox,"Mar 21, 1990",13,3,0,,3.04,59%,2.71,48%,3.08,35%,100%,1.2,http://www.ufcstats.com/fighter-details/32c3ee378671a5d9
James Wade,James,Wade,,"5' 10""",205 lbs.,--,,"Feb 08, 1972",4,11,0,,0.00,0%,0.00,0%,0.00,0%,0%,0.0,http://www.ufcstats.com/fighter-details/6291decf7f3b6608
Chris Wade,Chris,Wade,,"5' 10""",155 lbs.,"70.0""",Orthodox,"Sep 30, 1987",12,3,0,,1.70,53%,1.75,51%,2.60,51%,55%,1.1,http://www.ufcstats.com/fighter-details/c8097968da5e5f13
Neil Wain,Neil,Wain,Old School,"5' 10""",242 lbs.,--,Orthodox,--,13,4,0,,2.64,50%,8.57,43%,0.00,0%,50%,0.0,http://www.ufcstats.com/fighter-details/6b7bc7eaf2465387
TJ Waldburger,TJ,Waldburger,,"5' 11""",170 lbs.,"75.0""",Orthodox,"Apr 25, 1988",16,9,0,,2.02,51%,2.39,40%,3.03,46%,40%,4.8,http://www.ufcstats.com/fighter-details/8f2939f5fd9cca1e
Chase Waldon,Chase,Waldon,,"6' 1""",185 lbs.,"75.0""",Orthodox,"Sep 19, 1986",11,2,0,,1.03,28%,6.72,38%,7.76,33%,0%,0.0,http://www.ufcstats.com/fighter-details/aeb6c57b9bd8bc3a
Andre Walker,Andre,Walker,,"5' 11""",205 lbs.,--,Southpaw,"Nov 22, 1972",1,5,0,,2.28,31%,4.36,34%,0.00,0%,0%,0.0,http://www.ufcstats.com/fighter-details/18944a1a6ac1becf
Herschel Walker,Herschel,Walker,,"6' 1""",215 lbs.,--,Orthodox,"Mar 03, 1962",2,0,0,,3.42,67%,0.45,46%,1.94,100%,100%,0.0,http://www.ufcstats.com/fighter-details/bd92e38aef641673
Donny Walker,Donny,Walker,Eagle Eye,"5' 9""",135 lbs.,--,,"Jan 04, 1980",15,10,0,,1.81,37%,3.85,46%,0.00,0%,57%,1.7,http://www.ufcstats.com/fighter-details/e6147d5ab3685899
Johnny Walker,Johnny,Walker,,"6' 6""",205 lbs.,"82.0""",Orthodox,"Mar 30, 1992",22,9,0,,4.06,55%,3.09,45%,0.42,60%,57%,0.8,http://www.ufcstats.com/fighter-details/c21f26bbde777573
Brogan Walker,Brogan,Walker,The Bear,"5' 4""",125 lbs.,"67.0""",Switch,"Aug 02, 1988",8,5,0,,1.84,32%,3.32,47%,1.02,75%,11%,0.0,http://www.ufcstats.com/fighter-details/4333a8e70a672eb7
Valter Walker,Valter,Walker,The Clean Monster,"6' 6""",244 lbs.,"78.0""",Orthodox,"Dec 14, 1997",15,1,0,,2.00,52%,2.85,42%,5.74,69%,0%,2.5,http://www.ufcstats.com/fighter-details/f5779a2303ed76ec
Julius Walker,Julius,Walker,Juice Box,"6' 4""",205 lbs.,"78.0""",Orthodox,"Jul 16, 1999",7,2,0,,3.73,53%,4.03,43%,4.09,38%,100%,0.0,http://www.ufcstats.com/fighter-details/6add18754930182b
Ben Wall,Ben,Wall,Manimal,"5' 10""",155 lbs.,--,Orthodox,"Mar 25, 1989",8,7,1,,1.47,29%,8.53,29%,0.00,0%,100%,0.0,http://www.ufcstats.com/fighter-details/1ad381c8994c4e5b
Crafton Wallace,Crafton,Wallace,Blaze,"6' 0""",185 lbs.,--,Orthodox,"Nov 10, 1975",18,6,1,,1.55,44%,2.36,47%,0.00,0%,42%,0.0,http://www.ufcstats.com/fighter-details/bf41b5131545da12
Rodney Wallace,Rodney,Wallace,Shonuff the Master,"5' 9""",205 lbs.,"72.0""",Switch,"Nov 21, 1981",26,15,1,,1.13,46%,3.44,45%,6.00,54%,28%,1.0,http://www.ufcstats.com/fighter-details/b9415726dc3ec526
Jeremy Wallace,Jeremy,Wallace,,"5' 9""",--,--,,"Feb 13, 1987",4,6,0,,0.00,0%,0.00,0%,0.00,0%,0%,0.0,http://www.ufcstats.com/fighter-details/b87c3f460709f74c
Randall Wallace,Randall,Wallace,Braveheart,"5' 11""",185 lbs.,"73.0""",Orthodox,"Mar 01, 1989",15,6,0,,1.13,38%,4.11,45%,2.13,50%,0%,0.0,http://www.ufcstats.com/fighter-details/95cf6be9071e68b0
James Wallace,James,Wallace,Jesse,"5' 10""",155 lbs.,"69.0""",Orthodox,"Nov 17, 1992",5,2,0,,0.52,28%,3.41,35%,0.00,0%,0%,0.0,http://www.ufcstats.com/fighter-details/4078de7181a19142
Jim Wallhead,Jim,Wallhead,Judo,"5' 10""",170 lbs.,--,Orthodox,"Mar 14, 1984",29,11,0,,3.19,26%,6.65,49%,0.00,0%,100%,0.0,http://www.ufcstats.com/fighter-details/0c670b443c3d269f
Cory Walmsley,Cory,Walmsley,Hardcore,"6' 0""",205 lbs.,--,Orthodox,--,8,2,0,,0.79,100%,1.18,50%,0.00,0%,0%,0.0,http://www.ufcstats.com/fighter-details/83c6c3e0f8bde8ee
Richard Walsh,Richard,Walsh,Filthy Rich,"6' 0""",170 lbs.,"73.0""",Orthodox,"Dec 01, 1988",9,5,0,,3.84,46%,2.72,58%,1.55,40%,66%,0.2,http://www.ufcstats.com/fighter-details/303a05a7aa3ff761
Patrick Walsh,Patrick,Walsh,The Beast of the East,"5' 11""",185 lbs.,--,,"Nov 28, 1988",10,3,0,,2.03,19%,2.83,64%,3.00,54%,100%,1.5,http://www.ufcstats.com/fighter-details/b4c96c3d9139bf0e
Erick Wanderlei,Erick,Wanderlei,,"6' 1""",205 lbs.,--,Orthodox,"Jun 20, 1976",3,3,0,,0.63,41%,2.66,40%,3.80,66%,0%,1.9,http://www.ufcstats.com/fighter-details/d57e6a8971b6d2bd
Dimitiri Wanderley,Dimitiri,Wanderley,,--,205 lbs.,--,Orthodox,--,5,2,0,,0.92,25%,4.31,30%,1.16,20%,0%,0.0,http://www.ufcstats.com/fighter-details/a1d6b308781aa2f5
Andy Wang,Andy,Wang,,"5' 6""",155 lbs.,--,Orthodox,"May 28, 1977",7,8,1,,3.43,36%,10.29,62%,0.00,0%,0%,0.0,http://www.ufcstats.com/fighter-details/476414d2f18cd059
Rubens Xavier,Rubens,Xavier,Macula,"6' 3""",220 lbs.,--,Orthodox,"Sep 08, 1974",5,3,0,,0.77,42%,1.82,21%,2.10,40%,25%,1.1,http://www.ufcstats.com/fighter-details/e6dac752a2418a88
Xiao Long,Xiao,Long,,"5' 8""",135 lbs.,"70.0""",Orthodox,"Apr 13, 1998",27,11,0,,5.06,47%,3.85,50%,0.74,27%,82%,0.0,http://www.ufcstats.com/fighter-details/86bace9e4ad85542
Xie Bin,Xie,Bin,The Stalker,"5' 10""",145 lbs.,"72.0""",Orthodox,"Feb 28, 1998",13,5,0,,3.99,43%,2.73,60%,2.71,42%,40%,0.0,http://www.ufcstats.com/fighter-details/e415ea6f8d41c917
Xiong Jingnan,Xiong,Jingnan,The Panda,--,115 lbs.,--,,"Jan 12, 1988",19,2,0,,0.00,0%,0.00,0%,0.00,0%,0%,0.0,http://www.ufcstats.com/fighter-details/2cdb479a0ef0ee1d
Jamie Yager,Jamie,Yager,The Chosyn 1,"6' 1""",185 lbs.,--,Orthodox,"Nov 29, 1983",8,4,0,,3.08,39%,2.55,63%,0.00,0%,66%,0.0,http://www.ufcstats.com/fighter-details/85248da6e9e2f7e7
Eddie Yagin,Eddie,Yagin,The Filipino Phenom,"5' 7""",145 lbs.,--,Orthodox,"Mar 23, 1979",16,7,1,,3.13,30%,5.77,42%,0.00,0%,62%,1.0,http://www.ufcstats.com/fighter-details/cc84b68f862b466f
Rani Yahya,Rani,Yahya,,"5' 6""",135 lbs.,"67.0""",Orthodox,"Sep 12, 1984",28,12,1,,1.71,38%,2.08,50%,2.73,30%,29%,1.8,http://www.ufcstats.com/fighter-details/94527830000ab715
Mohammad Yahya,Mohammad,Yahya,The UAE Warrior,"5' 9""",145 lbs.,"73.0""",Switch,"May 23, 1994",12,6,0,,3.50,39%,6.39,43%,0.50,20%,42%,0.5,http://www.ufcstats.com/fighter-details/3753714927f18437
Abdul Rakhman Yakhyaev,Abdul Rakhman,Yakhyaev,The Hunter,"6' 2""",205 lbs.,"78.0""",Orthodox,"Mar 01, 2001",8,0,0,,20.95,78%,0.95,75%,14.29,100%,100%,14.3,http://www.ufcstats.com/fighter-details/95aff2fd8d09a5f0
Alexander Yakovlev,Alexander,Yakovlev,Russian Thunder,"6' 3""",155 lbs.,"74.0""",Southpaw,"Jul 18, 1984",24,10,1,,1.74,47%,2.41,58%,1.66,35%,72%,0.1,http://www.ufcstats.com/fighter-details/d06f8869449ba7bd
Keiichiro Yamamiya,Keiichiro,Yamamiya,,"5' 11""",185 lbs.,--,Southpaw,"Jul 12, 1972",45,35,10,,0.00,0%,0.00,0%,0.00,0%,0%,0.0,http://www.ufcstats.com/fighter-details/6014d25e73b669c9
Kenichi Yamamoto,Kenichi,Yamamoto,,"6' 0""",170 lbs.,--,Orthodox,"Jul 11, 1976",5,12,2,,0.30,46%,1.93,38%,0.00,0%,10%,0.3,http://www.ufcstats.com/fighter-details/9f488f520ed25bbf
Yoshihisa Yamamoto,Yoshihisa,Yamamoto,,"6' 2""",220 lbs.,--,Southpaw,"Jul 04, 1970",14,25,1,,1.65,38%,3.05,53%,1.00,20%,50%,0.6,http://www.ufcstats.com/fighter-details/eed2b71d77d95416
Atsushi Yamamoto,Atsushi,Yamamoto,,"5' 6""",139 lbs.,--,Orthodox,"Oct 02, 1980",19,11,3,,1.97,39%,1.27,70%,1.12,33%,100%,0.0,http://www.ufcstats.com/fighter-details/351264d11286d09a
Norifumi Yamamoto,Norifumi,Yamamoto,Kid,"5' 4""",135 lbs.,"66.0""",Southpaw,"Mar 15, 1977",18,6,0,,2.09,45%,2.01,57%,0.41,22%,45%,0.0,http://www.ufcstats.com/fighter-details/4834ff149dc9542a
Hiroko Yamanaka,Hiroko,Yamanaka,Cat's Eye,"5' 11""",135 lbs.,--,,"Oct 24, 1978",13,3,0,,2.10,26%,3.54,63%,0.00,0%,100%,0.0,http://www.ufcstats.com/fighter-details/283645128ae57eda
Goiti Yamauchi,Goiti,Yamauchi,,"5' 10""",145 lbs.,--,,"Jan 05, 1993",21,3,0,,1.66,54%,1.01,66%,0.00,0%,0%,4.3,http://www.ufcstats.com/fighter-details/9e1a7101fefe9746
Wataru Yamauchi,Wataru,Yamauchi,,"5' 6""",125 lbs.,"68.0""",Orthodox,"Jun 22, 1999",7,2,0,,4.01,52%,3.57,62%,0.00,0%,66%,0.0,http://www.ufcstats.com/fighter-details/d8bf3df51ff3a270
Takeshi Yamazaki,Takeshi,Yamazaki,,"5' 8""",139 lbs.,--,Southpaw,"May 25, 1977",15,12,3,,0.57,25%,1.57,47%,4.50,50%,100%,1.0,http://www.ufcstats.com/fighter-details/d1d20e651e6cbc02
Yan Xiaonan,Yan,Xiaonan,,"5' 5""",115 lbs.,"63.0""",Orthodox,"Jun 16, 1989",19,5,0,,4.69,45%,3.23,60%,0.84,73%,64%,0.0,http://www.ufcstats.com/fighter-details/c41d426cc7326d1b
Petr Yan,Petr,Yan,No Mercy,"5' 7""",135 lbs.,"67.0""",Switch,"Feb 11, 1993",20,5,0,,5.16,54%,4.24,59%,1.70,49%,86%,0.1,http://www.ufcstats.com/fighter-details/d661ce4da776fc20
Yan Qihui,Yan,Qihui,Queen Kong,"5' 3""",125 lbs.,"62.0""",Orthodox,"Oct 21, 1996",25,5,0,,4.38,46%,5.06,54%,3.68,69%,62%,0.0,http://www.ufcstats.com/fighter-details/5c9c2e247c836b67
Yuito Yanagawa,Yuito,Yanagawa,,--,145 lbs.,--,,"Oct 16, 2000",8,1,0,,0.00,0%,0.00,0%,0.00,0%,0%,0.0,http://www.ufcstats.com/fighter-details/7c592bf20095fd17
Adam Yandiev,Adam,Yandiev,Boroda,"5' 9""",185 lbs.,"74.0""",Orthodox,"Aug 07, 1988",9,1,0,,0.18,8%,6.14,36%,0.00,0%,25%,0.0,http://www.ufcstats.com/fighter-details/0a95c474e61a6c44
Adrian Yanez,Adrian,Yanez,,"5' 7""",135 lbs.,"70.0""",Orthodox,"Nov 29, 1993",17,6,0,,6.23,41%,5.75,54%,0.00,0%,81%,0.0,http://www.ufcstats.com/fighter-details/0232cabbc30a2372
Dongi Yang,Dongi,Yang,The Ox,"5' 10""",185 lbs.,"73.0""",Southpaw,"Dec 07, 1984",13,3,0,,3.55,51%,3.21,63%,1.70,41%,61%,0.5,http://www.ufcstats.com/fighter-details/aed06011bf62237b
Jianping Yang,Jianping,Yang,,"5' 7""",145 lbs.,--,Orthodox,"Nov 27, 1988",11,4,1,,1.40,26%,2.07,65%,1.00,25%,33%,0.0,http://www.ufcstats.com/fighter-details/d3c554d6e11fc9d6
John Yannis,John,Yannis,,"5' 7""",145 lbs.,"70.0""",Southpaw,"Jul 07, 1994",9,4,0,,0.00,0%,0.55,71%,0.00,0%,0%,0.0,http://www.ufcstats.com/fighter-details/450bcab0968562c4
Masutatsu Yano,Masutatsu,Yano,,"5' 9""",198 lbs.,--,Orthodox,"Jul 11, 1975",2,4,1,,0.00,0%,0.00,0%,0.00,0%,0%,0.0,http://www.ufcstats.com/fighter-details/d56caaa5e123f518
Luke Zachrich,Luke,Zachrich,,"6' 2""",185 lbs.,"74.0""",Orthodox,"Dec 19, 1981",14,4,0,,4.56,32%,4.46,62%,0.74,33%,80%,0.0,http://www.ufcstats.com/fighter-details/2284092f8b63273b
Anton Zafir,Anton,Zafir,The Professor,"5' 11""",170 lbs.,--,Orthodox,"May 10, 1987",7,3,0,,2.99,64%,2.31,52%,6.11,60%,0%,0.0,http://www.ufcstats.com/fighter-details/8c822811eedc11ad
Aiemann Zahabi,Aiemann,Zahabi,,"5' 8""",135 lbs.,"68.0""",Orthodox,"Nov 19, 1987",14,2,0,,4.54,47%,4.08,69%,0.12,14%,83%,0.0,http://www.ufcstats.com/fighter-details/24656ef4d605c96f
Joao Zaiden,Joao,Zaiden,,--,205 lbs.,--,,"Mar 16, 1993",10,3,0,,0.00,0%,0.00,0%,0.00,0%,0%,0.0,http://www.ufcstats.com/fighter-details/6b614bda982f5214
Youssef Zalal,Youssef,Zalal,The Moroccan Devil,"5' 10""",145 lbs.,"72.0""",Switch,"Sep 04, 1996",18,5,1,,3.03,50%,1.78,66%,2.17,31%,59%,1.4,http://www.ufcstats.com/fighter-details/52c2ae6d2f2d2613
Elizeu Zaleski dos Santos,Elizeu,Zaleski dos Santos,Capoeira,"5' 11""",170 lbs.,"73.0""",Orthodox,"Dec 11, 1986",25,10,1,,4.16,41%,3.56,55%,0.79,20%,67%,0.4,http://www.ufcstats.com/fighter-details/8adcbd525fab8d9b
Zach Zane,Zach,Zane,The Hurricane,"5' 7""",145 lbs.,"69.0""",Southpaw,"Dec 14, 1989",10,7,0,,0.87,56%,6.67,20%,0.00,0%,26%,0.0,http://www.ufcstats.com/fighter-details/cc3878d1ab41a5fa
Roger Zapata,Roger,Zapata,Viva,"5' 11""",170 lbs.,--,Southpaw,"May 09, 1986",4,2,0,,2.60,51%,2.13,36%,0.00,0%,81%,1.4,http://www.ufcstats.com/fighter-details/fe5ca7ef93c3f6a7
Marius Zaromskis,Marius,Zaromskis,The Whitemare,"5' 9""",170 lbs.,--,Orthodox,"Jul 30, 1980",20,9,0,,5.02,34%,5.93,50%,0.73,42%,73%,0.0,http://www.ufcstats.com/fighter-details/abcf7e55a0a9ed89
David Zawada,David,Zawada,Sagat,"6' 0""",170 lbs.,"75.0""",Orthodox,"Aug 01, 1990",17,7,0,,3.84,41%,4.54,55%,0.97,33%,57%,1.7,http://www.ufcstats.com/fighter-details/3bb2dc8e87b10a46
Magomed Zaynukov,Magomed,Zaynukov,Wild Chanco,"5' 10""",155 lbs.,"68.0""",Orthodox,"Jan 02, 1995",8,0,0,,15.67,60%,4.80,58%,2.00,100%,0%,0.0,http://www.ufcstats.com/fighter-details/04ff3a711504d6b3
Manolo Zecchini,Manolo,Zecchini,Angelo Veneziano,"5' 8""",145 lbs.,"68.0""",Orthodox,"Oct 22, 1996",11,4,0,,2.34,21%,6.75,46%,0.00,0%,0%,0.0,http://www.ufcstats.com/fighter-details/fd7ab338e4953644
Joao Zeferino,Joao,Zeferino,The Brazilian Samurai,"5' 11""",170 lbs.,--,Orthodox,"Jan 15, 1986",21,9,0,,0.83,36%,2.60,48%,0.50,5%,50%,1.0,http://www.ufcstats.com/fighter-details/be4076c9e8d791e3
Daniel Zellhuber,Daniel,Zellhuber,Golden Boy,"6' 1""",155 lbs.,"77.0""",Switch,"Jul 07, 1999",15,4,0,,5.45,38%,6.17,54%,0.14,25%,81%,0.3,http://www.ufcstats.com/fighter-details/4148802ae4a50768
Craig Zellner,Craig,Zellner,Big Z,"6' 2""",205 lbs.,--,Orthodox,"Sep 09, 1976",4,3,0,,0.61,9%,4.65,61%,0.00,0%,0%,0.0,http://www.ufcstats.com/fighter-details/3794e5e0bb0defb6
Rickson Zenidim,Rickson,Zenidim,The King,"5' 7""",125 lbs.,"67.0""",Orthodox,"Feb 17, 1999",14,2,0,,1.67,32%,4.07,33%,0.00,0%,0%,0.0,http://www.ufcstats.com/fighter-details/c879d8620261b1a3
Roman Zentsov,Roman,Zentsov,The Russian Hammer,"6' 1""",230 lbs.,--,Orthodox,"Sep 10, 1973",18,12,0,,1.18,36%,0.53,70%,1.60,100%,33%,3.2,http://www.ufcstats.com/fighter-details/3144121470023e9a
Carlos Zevallos,Carlos,Zevallos,,"6' 0""",205 lbs.,--,Orthodox,"Sep 05, 1978",3,4,0,,4.36,65%,2.28,68%,0.00,0%,100%,0.0,http://www.ufcstats.com/fighter-details/cbf69fa846c7e3ee
Zhang Tiequan,Zhang,Tiequan,The Wolf,"5' 8""",155 lbs.,"69.0""",Orthodox,"Jul 25, 1978",15,4,0,,1.23,36%,2.14,51%,1.95,58%,75%,3.4,http://www.ufcstats.com/fighter-details/c23e3d4875340d8d
Zhang Lipeng,Zhang,Lipeng,The Warrior,"5' 11""",155 lbs.,"71.0""",Southpaw,"Mar 10, 1990",23,9,1,,1.28,48%,1.88,53%,1.75,30%,69%,0.8,http://www.ufcstats.com/fighter-details/7b310409440c9102
Zhang Weili,Zhang,Weili,Magnum,"5' 4""",115 lbs.,"63.0""",Switch,"Aug 13, 1989",26,4,0,,4.66,52%,2.63,53%,1.96,44%,63%,0.5,http://www.ufcstats.com/fighter-details/1ebe20ebbfa15e29
Zhang Mingyang,Zhang,Mingyang,Mountain Tiger,"6' 2""",205 lbs.,"75.0""",Orthodox,"Aug 16, 1998",19,7,0,,7.71,60%,5.33,43%,0.00,0%,75%,0.0,http://www.ufcstats.com/fighter-details/8a65fd9ba31fd3f7
Zhang Qinghe,Zhang,Qinghe,,"5' 7""",135 lbs.,"67.0""",Southpaw,"Nov 05, 2001",16,8,1,,2.87,33%,4.73,49%,0.00,0%,50%,0.0,http://www.ufcstats.com/fighter-details/45c7979c71751fcf
Zhang Zhenyang,Zhang,Zhenyang,,--,155 lbs.,--,,--,7,2,0,,0.00,0%,0.00,0%,0.00,0%,0%,0.0,http://www.ufcstats.com/fighter-details/286e1d61fb315355
Daermisi Zhawupasi,Daermisi,Zhawupasi,,"5' 8""",135 lbs.,"68.0""",Switch,"Sep 15, 1999",9,2,0,,1.86,40%,2.36,55%,7.74,65%,53%,1.4,http://www.ufcstats.com/fighter-details/fd52e5f9ab25c94c
